text,label,predicted_label,predicted_probability,prob_negative,prob_neutral,prob_positive
android marshmallow <number> . <number> . <number> won't let me log on the by existing account just keeps saying setting up bbm please fix,negative,negative,0.7405998110771179,0.7405998110771179,0.2220192700624466,0.037380971014499664
map animation stopped working,negative,negative,0.8143827319145203,0.8143827319145203,0.15237006545066833,0.033247169107198715
"good, but slow workflow.",positive,neutral,0.7040129899978638,0.030540475621819496,0.7040129899978638,0.26544657349586487
nice app to use with friends,neutral,positive,0.7620945572853088,0.02247196063399315,0.21543347835540771,0.7620945572853088
"i love this app, but i wish they had more outfit selections for maternity. other than that it's pretty awesome.",positive,positive,0.7410675883293152,0.021249180659651756,0.23768320679664612,0.7410675883293152
radar in motion won't work.,negative,negative,0.9121932983398438,0.9121932983398438,0.0704561397433281,0.01735048182308674
only opened <number> st <number> th pages of <url>,negative,negative,0.5343042612075806,0.5343042612075806,0.3845784664154053,0.08111733943223953
when i was being rained on it said no rain in your <url> it is still a good weather app.,neutral,positive,0.6099100112915039,0.026650847867131233,0.36343914270401,0.6099100112915039
everthing is tought before its use,neutral,negative,0.49768760800361633,0.49768760800361633,0.42585933208465576,0.07645312696695328
good content. worth downloading,neutral,positive,0.6927834749221802,0.018158704042434692,0.28905782103538513,0.6927834749221802
"it's a great and fun app for emoji use, i like the customization. but there needs to be more clothing and style options. i feel like there needs to be styles with clothing and hair, such as punk, goth, rocker, traditional, futuristic, fairy, and many more. other than wanting more styles to choose from this app is great",positive,positive,0.7012468576431274,0.019407302141189575,0.2793458104133606,0.7012468576431274
"wow, this is a terrible app. no open dialog or page goto. i had expected better from an actual adobe app.",negative,negative,0.9232372045516968,0.9232372045516968,0.061380740255117416,0.015382128767669201
i m fed of this <url> has posted it add every where,negative,negative,0.46134090423583984,0.46134090423583984,0.4014272689819336,0.13723181188106537
it is very usefull browser,positive,positive,0.666236937046051,0.024625344201922417,0.3091377019882202,0.666236937046051
its a bit slow vs thinking office and also text anti aliasing is bad,neutral,neutral,0.7622372508049011,0.10054628551006317,0.7622372508049011,0.13721652328968048
"it was great for me and the owner was very nice to us.,but the price change when i pay from <number> to <number>",neutral,neutral,0.5518998503684998,0.03689180687069893,0.5518998503684998,0.4112083613872528
provide some good <url> the only bad thing about this app is lack of good <url> hope you make it <url>,neutral,neutral,0.5292378067970276,0.03196456655859947,0.5292378067970276,0.43879759311676025
problem with saving large photos plz fix ir,neutral,neutral,0.6162514090538025,0.25995874404907227,0.6162514090538025,0.12378981709480286
its a good app but we dont have a night mode option for reading in which the background becomes black and text becomes white in color.,positive,neutral,0.7003291845321655,0.026747018098831177,0.7003291845321655,0.27292385697364807
i hate the new version of bbm,negative,negative,0.8135256767272949,0.8135256767272949,0.1504799723625183,0.03599432110786438
is an interesting app to use.,positive,positive,0.738625168800354,0.025272361934185028,0.23610249161720276,0.738625168800354
"used to be great. now lots of issues with network. i keep getting no network errors, as failed to update errors even when signal is great, or i'm connected to my wi-fi at home.",neutral,negative,0.7231619358062744,0.7231619358062744,0.24279282987117767,0.0340452678501606
it always has me in virginia and i live in florida,neutral,positive,0.4471469819545746,0.1394989937543869,0.41335394978523254,0.4471469819545746
it is the very good ape to any one download,positive,positive,0.7234417200088501,0.02175986021757126,0.25479838252067566,0.7234417200088501
not up to the mark,neutral,neutral,0.6694448590278625,0.20547355711460114,0.6694448590278625,0.1250816136598587
useless boring it's of no use now days just like mxit,negative,negative,0.8762272596359253,0.8762272596359253,0.10341671109199524,0.02035609818994999
very easy to use,positive,positive,0.7282755374908447,0.024430204182863235,0.24729426205158234,0.7282755374908447
worst upadate this update dont respond whenever i access my download section so hated it.,negative,negative,0.9307984709739685,0.9307984709739685,0.05462448671460152,0.014576996676623821
i have lots of state that i watch. my home town will not show what it feels like. all the others do. i have tried a few different things and it won't work. don't understand but it is important to me to know how cold it feels out. i can go to hourly and it tells me but should not have to! i'm uninstalling!,neutral,negative,0.8617786169052124,0.8617786169052124,0.11650381982326508,0.021717539057135582
better and more accurate then most other weather apps.,positive,positive,0.6533995270729065,0.025727296248078346,0.3208731412887573,0.6533995270729065
fun!!! just wish i could make one of my bf.,neutral,positive,0.7558087706565857,0.032938577234745026,0.21125270426273346,0.7558087706565857
worthless does not open password protected pdf as stated,negative,negative,0.8560344576835632,0.8560344576835632,0.11857234686613083,0.02539316937327385
shoddy ui and keeps logging me out,negative,negative,0.6520975828170776,0.6520975828170776,0.2955349087715149,0.05236751213669777
"very accurate, which is important! how about a <number> x <number> widget?",positive,positive,0.6489755511283875,0.028307074680924416,0.3227173686027527,0.6489755511283875
i like the set up.,positive,positive,0.720963716506958,0.026023568585515022,0.2530127465724945,0.720963716506958
"looks interesting at initial install, however the advertisement photos and the camera lay out are different to my install on a samsung galaxy note <number> . missing too many features compared to the full pc. version, particularly tagging and indexing. camera is not as good as the original camera being on the dark side. a nice app. however adds not enough to warrant keeping. perhaps in the future updates. most notably is missing the side by side photo comparison which was the main reason for installation.",neutral,neutral,0.7239688634872437,0.03164753317832947,0.7239688634872437,0.2443835586309433
nexus <number> and samsung s <number>,positive,neutral,0.47816982865333557,0.3123897612094879,0.47816982865333557,0.2094404250383377
"crashing. app crashes and freezes constantly. on htc one m <number> , and the app is completely broken.",negative,negative,0.8912299275398254,0.8912299275398254,0.08717616647481918,0.02159399352967739
plz provide watermarking <url>,positive,neutral,0.5059825778007507,0.14351631700992584,0.5059825778007507,0.350501149892807
u can download all movies in any language at movie <url> it okkk,neutral,neutral,0.7233446836471558,0.15819932520389557,0.7233446836471558,0.11845602095127106
pls add more features for android like iphone features,neutral,neutral,0.6107629537582397,0.07810848951339722,0.6107629537582397,0.31112855672836304
nice app but when i taking picture with this app i have little problem here the range have limited only <number> - <number> meter even i set focus to infinity still can't get to it. i shoot with pro mode <url> you can fix that it will be <url>,neutral,neutral,0.648760974407196,0.05522738769650459,0.648760974407196,0.29601162672042847
it's not a web browser. it's an ad browser,negative,negative,0.6573697924613953,0.6573697924613953,0.29694265127182007,0.045687515288591385
a lot of a bug here,negative,neutral,0.5640599131584167,0.30468112230300903,0.5640599131584167,0.1312589794397354
shame forest starts again every day would be nice to build a huge forest like monthly or so,positive,neutral,0.6159526109695435,0.1629464030265808,0.6159526109695435,0.22110100090503693
"this app is so fun! my friends and family love exchanging silly bitmojis in our texts. the only reason why i gave it <number> stars is because i wish there was a way for your to organize the bitmojis, so you can quickly access certain ones instead of having to scroll through them or search. also, the outfits are pretty awful. they need a little more fashion. lol however, the art and creativity in the bitmojis are terrific!",positive,positive,0.6438660621643066,0.030007092282176018,0.3261268138885498,0.6438660621643066
i love it but we need video support!,neutral,positive,0.6395219564437866,0.029774770140647888,0.33070334792137146,0.6395219564437866
the app is is good but,neutral,neutral,0.7286344766616821,0.02870747447013855,0.7286344766616821,0.24265798926353455
it is taking forever to load. never had this issue before. just started a few weeks ago,neutral,negative,0.5751360058784485,0.5751360058784485,0.3692912757396698,0.05557269603013992
map stopped animating over a week ago on my samsung galaxy s <number> . please fix. used to be the <signature>,negative,negative,0.8105868101119995,0.8105868101119995,0.1609162837266922,0.028496921062469482
"it definitely helps me stay focused and off my phone. the one complaint i have is that when i have my phone on silent/vibrate, when i plant a tree my phone goes into standard/sounds on mode. i don't like that at all, i have it on silent for a reason.",positive,positive,0.6679812073707581,0.024341940879821777,0.30767688155174255,0.6679812073707581
one   for doing this nasty ios port,negative,negative,0.8925608396530151,0.8925608396530151,0.08589810878038406,0.021541127935051918
unmounted my sd card,negative,negative,0.8961005806922913,0.8961005806922913,0.08330745995044708,0.02059198170900345
why can i not delete saved locations? and ive read thtough it many times and dont see anyway at all to delte previously saved locations!!? im going to have to uninstall the app and then reinstall it to reset this location deleting issue u have!?!???,neutral,negative,0.8914180994033813,0.8914180994033813,0.09106414020061493,0.017517684027552605
"lacks capability to browse for local file. no goto page option, <number> page documents impossible to read. no 'bookmark' to save <url> apps avail",negative,neutral,0.45812931656837463,0.4535943269729614,0.45812931656837463,0.08827629685401917
bbm is easy to use and simple way for chating to my friends and <url> !,neutral,positive,0.7118067145347595,0.025686217471957207,0.2625070810317993,0.7118067145347595
make it better please,positive,neutral,0.6357677578926086,0.048569485545158386,0.6357677578926086,0.3156627416610718
"i liked the game as well as the concept. it would be better if it gave a sort of buzzer when time was up, and if you could add some personalization.",positive,positive,0.6452133059501648,0.027435442432761192,0.3273512125015259,0.6452133059501648
"useful app nice app for opening documents, no adverts,easy to use and doesn't need a lot of experience",positive,positive,0.6692442297935486,0.02100500836968422,0.3097507953643799,0.6692442297935486
easy to book and great choice and information.,positive,positive,0.7816857695579529,0.022353380918502808,0.1959608495235443,0.7816857695579529
never trust earth networks again,negative,negative,0.8683041334152222,0.8683041334152222,0.10737739503383636,0.02431846782565117
what happened to the elite version i paid for?,negative,negative,0.8857935070991516,0.8857935070991516,0.09332353621721268,0.02088300697505474
lots of problems with the map,neutral,neutral,0.638900637626648,0.19693301618099213,0.638900637626648,0.16416634619235992
simple and easy to use,positive,positive,0.7404366135597229,0.021654397249221802,0.2379089593887329,0.7404366135597229
"enjoyed the app until the <url> then the ticker quit <url> the pop up ads in the ticker are annoying. when you get all that shut off in settings, it works great!",positive,positive,0.6419885754585266,0.02886415645480156,0.3291472792625427,0.6419885754585266
radar does not work. will not stay on my home city.,negative,negative,0.9210119247436523,0.9210119247436523,0.060942143201828,0.018045946955680847
it would be nice if it was in different languages.,neutral,neutral,0.5009816884994507,0.019587066024541855,0.5009816884994507,0.47943130135536194
some tools can be available and improved without having to open an account or sign in each time like with drive but in general is pretty useful and have good features also please create the bin icon instead of the <number> dots and once you choose a file you can't delete only if you go back,positive,positive,0.5735162496566772,0.018300645053386688,0.40818309783935547,0.5735162496566772
"i love it! however, i do a lot of work on my phone and so i would like an option to run the app while using my phone, without it killing a tree!",positive,positive,0.711810290813446,0.026200704276561737,0.261989027261734,0.711810290813446
good app easy to use. the lens correction function doesn't seem to work though. but maybe i am unaware of how it's supposed to work.,positive,neutral,0.6149768829345703,0.024766510352492332,0.6149768829345703,0.3602566123008728
there should be feature by which we can see who saw my message in a group and who doesn't. like we have in what's app,positive,neutral,0.5399696230888367,0.03674136474728584,0.5399696230888367,0.42328906059265137
"can we get this to, somehow, plant an actual tree? say, for a certain amount of trees grown succesfully a tree gets planted at some forest in need.",negative,neutral,0.6164602041244507,0.13535922765731812,0.6164602041244507,0.2481805831193924
contains alot of ads,positive,neutral,0.6006696820259094,0.21545696258544922,0.6006696820259094,0.18387341499328613
can't search area,negative,neutral,0.490330308675766,0.43482547998428345,0.490330308675766,0.07484414428472519
good app for team communications,positive,positive,0.7179127335548401,0.020356422290205956,0.2617308497428894,0.7179127335548401
stopped showing up in my status bar,neutral,negative,0.81999671459198,0.81999671459198,0.15127494931221008,0.028728440403938293
use it for studying,positive,positive,0.6024165153503418,0.052457135170698166,0.34512636065483093,0.6024165153503418
too much ads i dont want uc news stop showing me ads to download uc news,negative,negative,0.6947706937789917,0.6947706937789917,0.26118165254592896,0.04404764994978905
installed this app on my zt <number> tablet but wont work annoying!,negative,negative,0.865153431892395,0.865153431892395,0.11475912481546402,0.020087486132979393
the tree does not die no matter which app i <url> i have tried every setting possible but it doesnot <url>,negative,neutral,0.531043529510498,0.3654824197292328,0.531043529510498,0.10347405821084976
i love  this app,positive,positive,0.7437717318534851,0.047237884253263474,0.20899036526679993,0.7437717318534851
need to have female and males,neutral,neutral,0.642533540725708,0.1713370978832245,0.642533540725708,0.18612943589687347
add tick tick clock sound in it,positive,neutral,0.5702497959136963,0.06863352656364441,0.5702497959136963,0.3611166775226593
the radar won't work with samsung galaxy s <number> . so lame,negative,negative,0.8973813652992249,0.8973813652992249,0.08450008928775787,0.018118523061275482
great app. and loads pdf docs faster than many other apps,positive,positive,0.7657454609870911,0.03109986148774624,0.20315471291542053,0.7657454609870911
"fun app! wish i could draw some added details, but fun anyway.",positive,positive,0.5187981724739075,0.025056879967451096,0.4561449885368347,0.5187981724739075
pretty cool app to have.,positive,positive,0.6662096977233887,0.020440757274627686,0.31334957480430603,0.6662096977233887
"clumsy auto-import, but great overall",positive,neutral,0.6157078146934509,0.028296001255512238,0.6157078146934509,0.3559962213039398
useless without raw support,negative,negative,0.916694164276123,0.916694164276123,0.06555666029453278,0.017749162390828133
tried to use it for my team at work but they just wanted to use the whatsapp groups they currently do which is basically the same thing.,neutral,negative,0.5553109049797058,0.5553109049797058,0.37683528661727905,0.06785376369953156
i think this a smart browser but opera mini fast then uc but good effort by devolpers,positive,neutral,0.5466915369033813,0.024607455357909203,0.5466915369033813,0.4287009835243225
i am facing problem while using it needed to work on user interface its getting slow and hangs sometimes,neutral,neutral,0.653426468372345,0.21947968006134033,0.653426468372345,0.1270938664674759
"it's an ok app, compared to whatsapp and line messenger",neutral,neutral,0.6478533744812012,0.021622035652399063,0.6478533744812012,0.33052459359169006
"won't open any .pdf files on my tmo vibrant (bionix <number> . <number> ), useless.",negative,negative,0.9244123101234436,0.9244123101234436,0.05959268659353256,0.015994973480701447
can you fix the quality of display picture,positive,neutral,0.6348325610160828,0.09535613656044006,0.6348325610160828,0.26981121301651
can't move app to sd card,neutral,neutral,0.5849872827529907,0.3291022777557373,0.5849872827529907,0.08591044694185257
good app but more facilities we exprcted,neutral,neutral,0.6388879418373108,0.034011099487543106,0.6388879418373108,0.3271009922027588
app works great. consider changing the red triangular notification to a solid red color in the notification bar in android. on my note <number> it appears as transparent in the notification bar at the top.,positive,positive,0.7097307443618774,0.029644640162587166,0.26062461733818054,0.7097307443618774
plz update it it stick in the loading screen forever,negative,negative,0.51604825258255,0.51604825258255,0.39685842394828796,0.08709331601858139
i like it but i wish there were more things and i wish we could customize shirts and stuff,positive,positive,0.5699917078018188,0.02386605367064476,0.4061422348022461,0.5699917078018188
my messages aren't going through to anyone. please fix immediately.,neutral,negative,0.5354526042938232,0.5354526042938232,0.3903079628944397,0.07423946261405945
"i love it, but i'll select one to use and then it will show the new one sent, but a short time later, it will show that i resent an old one, not the one i just selected.",neutral,neutral,0.5975951552391052,0.04136322811245918,0.5975951552391052,0.3610416650772095
my radar has stopped working! i've never had a problem with it until today please fix!,negative,negative,0.868098258972168,0.868098258972168,0.11111077666282654,0.020790938287973404
working properly for awhile and crashes later on,neutral,neutral,0.5692430734634399,0.28944963216781616,0.5692430734634399,0.1413072645664215
"a well-crafted, simple app",positive,positive,0.7676732540130615,0.026665590703487396,0.20566117763519287,0.7676732540130615
it was okay at the start and got me focussed but my phone's screen timed out and locked and then my tree withered. please fix this,negative,neutral,0.7626364827156067,0.11059306561946869,0.7626364827156067,0.12677042186260223
it's pretty useful!,positive,positive,0.713935375213623,0.019661448895931244,0.2664031982421875,0.713935375213623
why can my friends get the bitmojis with two people but i can't? frustrated.,neutral,neutral,0.6047590970993042,0.27616825699806213,0.6047590970993042,0.11907259374856949
remove obscene quotes and gestures,negative,negative,0.45631444454193115,0.45631444454193115,0.4379675090312958,0.1057179793715477
pretty good. app wish it let you face scan yourself.,positive,positive,0.68656986951828,0.01870444416999817,0.2947257459163666,0.68656986951828
very good but crashes often,neutral,neutral,0.6439180374145508,0.02765258029103279,0.6439180374145508,0.32842934131622314
"lacking lens correction and blur features, otherwise i'd love it. please consider adding these, otherwise i'll have to use photo mate r <number> , cause while it doesn't have blur feature's it has great lens correction features so i can get my chromatic aberration effect : <number>",positive,positive,0.5142382979393005,0.03569044917821884,0.4500712454319,0.5142382979393005
the animation stopped working please fix!,negative,negative,0.8534020781517029,0.8534020781517029,0.12258382886648178,0.024014102295041084
goood one no one can see images unless u do hd,positive,neutral,0.5108014941215515,0.3651942014694214,0.5108014941215515,0.1240043118596077
the app lags and consume lots of space.,negative,neutral,0.5703597068786621,0.31478825211524963,0.5703597068786621,0.11485199630260468
"great app, using for an <url> but, could it be upgraded with the feature 'desktop mode' ?",positive,neutral,0.5226636528968811,0.03219614923000336,0.5226636528968811,0.44514021277427673
it was good before,neutral,neutral,0.7340666055679321,0.11267480254173279,0.7340666055679321,0.1532585173845291
i like the old spark better it was more accurate cuz it told you exactly how many miles away the lightning was now you gotta zoom in on the map just to see in a round about ways of where the lightning <url>,neutral,positive,0.5144241452217102,0.04291757196187973,0.44265827536582947,0.5144241452217102
"i really like it, but for a while now it hasn't been making my tree die when i touch my phone. also, after completing a set amount of time there's another number underneath my tree. i can't figure out what this means.",positive,neutral,0.6559889316558838,0.050751693546772,0.6559889316558838,0.2932593822479248
annoying buttons below the chat text box.,neutral,neutral,0.6426390409469604,0.19760389626026154,0.6426390409469604,0.15975697338581085
i like this app for esuy to watch movie,positive,positive,0.7223831415176392,0.03187662363052368,0.24574021995067596,0.7223831415176392
"aaa please tell me why it doesnt show my cherry blossom <url> i just unlocked it with <number> coins, and i cant find it to grow it. arghh its frustrating.",neutral,negative,0.6294327974319458,0.6294327974319458,0.31762999296188354,0.05293719097971916
needs to save where you last left off thats all it needs <number> stars when it updates,neutral,neutral,0.6135112047195435,0.2576238811016083,0.6135112047195435,0.12886494398117065
the app draws the mobile addict in you and plays with his/her psyche.,positive,positive,0.5117658972740173,0.09117808938026428,0.3970559537410736,0.5117658972740173
it is helpful for fast downloading,positive,positive,0.6895149946212769,0.01859218068420887,0.29189276695251465,0.6895149946212769
hard to access emojis/sticker,positive,neutral,0.4781813323497772,0.4329669177532196,0.4781813323497772,0.0888516828417778
why this app has become so big? earlier it used to be only <number> mbs now its <number> . please reduce the size. <signature>,neutral,negative,0.5266265273094177,0.5266265273094177,0.40149736404418945,0.07187610119581223
directions make no sense,negative,neutral,0.5307382941246033,0.35677966475486755,0.5307382941246033,0.11248204857110977
great app for photography but,neutral,positive,0.5003309845924377,0.026758654043078423,0.4729103744029999,0.5003309845924377
why can't they fix these issues,neutral,neutral,0.5296658873558044,0.3550127148628235,0.5296658873558044,0.11532145738601685
not working with whats app,negative,negative,0.7682283520698547,0.7682283520698547,0.19325682520866394,0.0385148748755455
you have to put the search option in the app,positive,neutral,0.6041909456253052,0.19323144853115082,0.6041909456253052,0.2025776207447052
"its very usefull, also good <url> !!!",positive,positive,0.7566925287246704,0.02604876644909382,0.21725869178771973,0.7566925287246704
"its good. but the problem is whenever i charge my phone, and the forest app has been running, the moment the charging the moment the tree died. and i do not get a single coin. lol is not my fault that the tree died, but what i got-o coins and a dead tree.",neutral,neutral,0.7557272911071777,0.056526754051446915,0.7557272911071777,0.18774592876434326
tel me what to do,positive,neutral,0.4900500476360321,0.36531439423561096,0.4900500476360321,0.14463557302951813
some websites say i don't have adobe even though i have this loaded.,neutral,neutral,0.5318083167076111,0.346154123544693,0.5318083167076111,0.12203754484653473
it is easy to find your distination but there is always a less price,neutral,neutral,0.6391161680221558,0.02897453121840954,0.6391161680221558,0.33190926909446716
i havent many friends here,positive,negative,0.5452927947044373,0.5452927947044373,0.3825370669364929,0.0721702128648758
"would like updates on the sun over a <number> hour loop, as well as wind maps, water temps. but one of the <signature>",positive,positive,0.5367448925971985,0.023418433964252472,0.43983662128448486,0.5367448925971985
where are the local adjustments?,positive,neutral,0.6153758764266968,0.15668393671512604,0.6153758764266968,0.22794011235237122
very easy to <url>,neutral,positive,0.7076432108879089,0.025755396112799644,0.26660141348838806,0.7076432108879089
easy to use very good deal.,positive,positive,0.7513794302940369,0.020114878192543983,0.2285057008266449,0.7513794302940369
this app doesnt want to sign me up,neutral,negative,0.9245543479919434,0.9245543479919434,0.06040007248520851,0.01504561584442854
always showing install even it has already installed,positive,neutral,0.5500375032424927,0.26121002435684204,0.5500375032424927,0.18875247240066528
the zooming feature is slow and consequently difficult to use.,neutral,neutral,0.7228267192840576,0.1439182609319687,0.7228267192840576,0.1332549750804901
great tool for on the go!,positive,positive,0.7730172276496887,0.03599066659808159,0.19099214673042297,0.7730172276496887
raw format not supported,neutral,neutral,0.6067383289337158,0.28975096344947815,0.6067383289337158,0.10351069271564484
"it's a cool thing to have, but it won't sync up with the mozilla addon",positive,neutral,0.7354424595832825,0.033269159495830536,0.7354424595832825,0.2312883734703064
great app but keeps crashing,neutral,neutral,0.6632886528968811,0.048761650919914246,0.6632886528968811,0.28794974088668823
"bbm is good ,hate the adverts",positive,neutral,0.5442862510681152,0.3002561926841736,0.5442862510681152,0.15545755624771118
how about a tablet ui?,neutral,neutral,0.6045469045639038,0.17615190148353577,0.6045469045639038,0.21930114924907684
prefer the website more,neutral,neutral,0.5805453658103943,0.10737863183021545,0.5805453658103943,0.31207600235939026
"good design. hope the plant real trees is a true story! also, why the highest ranking people are mostly asian? should expand your customers",positive,positive,0.6681467890739441,0.020938623696565628,0.31091463565826416,0.6681467890739441
"i am not disappointed, but pixlr is still a way better software.",neutral,neutral,0.6796858310699463,0.06996514648199081,0.6796858310699463,0.2503490149974823
"i love playing with bitmojis. the clothes in the personalization could use some updating, though. very little are things i'd ever actually wear. it would also be nice to add friends directly on the app to interact with their own bitmojis outside of snapchat.",positive,positive,0.6833116412162781,0.0221268180757761,0.294561505317688,0.6833116412162781
i love it. i just wish i could delete images that i find offensive and would never use.,positive,positive,0.7100357413291931,0.040387194603681564,0.24957701563835144,0.7100357413291931
i think in the new update they let you color customize any hair style and let you put cuts in your eyebrows.,positive,positive,0.6157768964767456,0.04541856423020363,0.3388045132160187,0.6157768964767456
automatically resizes with no way to change!!,negative,negative,0.861335813999176,0.861335813999176,0.1145436093211174,0.02412053570151329
don't like the new update,positive,neutral,0.6605464220046997,0.18706345558166504,0.6605464220046997,0.15239009261131287
i like my bbm now . <signature>,positive,positive,0.6997512578964233,0.0424325056374073,0.25781625509262085,0.6997512578964233
no more trees since update. just shrubs :'(,positive,negative,0.503309428691864,0.503309428691864,0.4106849133968353,0.08600569516420364
would not updated on my phone and i tried like <number> times,negative,negative,0.4721828103065491,0.4721828103065491,0.4458352327346802,0.08198189735412598
"needs more body shapes and sizes, as well as face lines around nose/cheeks",positive,neutral,0.726256787776947,0.045117344707250595,0.726256787776947,0.2286258339881897
took away floating head in txt,negative,negative,0.7996801733970642,0.7996801733970642,0.16459549963474274,0.035724397748708725
stopped working on my phone since the last update. will bring rating up when the problem is fixed.,negative,negative,0.8025099039077759,0.8025099039077759,0.16787095367908478,0.029619155451655388
works well. most of my pdf files require me to enter a username and password. this app will not allow me to. any chance of adding that?,neutral,neutral,0.6844196915626526,0.037979934364557266,0.6844196915626526,0.27760040760040283
"it's <url> ,add select area <url> mean make selection by <url>",neutral,neutral,0.6167827248573303,0.13615520298480988,0.6167827248573303,0.24706211686134338
app doesn't always work. temp won't show in n status bar. doesn't keep track of moving locations,neutral,negative,0.8476052284240723,0.8476052284240723,0.13094313442707062,0.02145167626440525
i hate this update,negative,negative,0.8954147696495056,0.8954147696495056,0.08549661934375763,0.019088612869381905
new updates are beyond worse,negative,negative,0.5230377912521362,0.5230377912521362,0.39945951104164124,0.07750267535448074
where is wbug elite i paid for???,negative,negative,0.749298095703125,0.749298095703125,0.20764979720115662,0.04305208846926689
make the time lapse between editing each feature shorter,positive,neutral,0.7266507148742676,0.11334139108657837,0.7266507148742676,0.16000781953334808
add one more feature,positive,neutral,0.5790328979492188,0.05829035863280296,0.5790328979492188,0.362676739692688
the app was useful but avg virus scanner said it contains malware so i'm uninstalling to be safe,negative,neutral,0.6317036151885986,0.252876877784729,0.6317036151885986,0.11541954427957535
i couldn't open it.,negative,negative,0.8416175842285156,0.8416175842285156,0.1332242339849472,0.025158194825053215
i think that uc is very nice,neutral,positive,0.6204875111579895,0.02880825102329254,0.35070425271987915,0.6204875111579895
mis the original bbm,negative,negative,0.5413639545440674,0.5413639545440674,0.3626610040664673,0.09597501903772354
new ui tanks usability,negative,neutral,0.5570720434188843,0.0958058163523674,0.5570720434188843,0.3471221923828125
this app is so good,positive,positive,0.6276069283485413,0.025996295735239983,0.3463967442512512,0.6276069283485413
doesn't work on my htc droid eris!! can't open pdf attached emails. uninstalling!!,negative,negative,0.9259032011032104,0.9259032011032104,0.057793471962213516,0.016303380951285362
it's very good app for android mobile s,positive,positive,0.7287613749504089,0.019399194046854973,0.25183942914009094,0.7287613749504089
temp is all wrong,neutral,negative,0.8828009963035583,0.8828009963035583,0.09732288122177124,0.019876152276992798
id's easy to use and very helpful,positive,positive,0.7556813359260559,0.021155990660190582,0.22316265106201172,0.7556813359260559
"it seems everytime we're about to get severe weather, the app stops working. radar doesn't work, storm tracking doesn't <url> most critical time for something to work is during or before a storm, such as we're supposed to get today. this app works great on bright, sunny <url> 't depend on it if a storm is brewing though. it will quit working on you.",neutral,neutral,0.5840712189674377,0.09619811922311783,0.5840712189674377,0.3197306990623474
i guess its just the world i live in???,negative,neutral,0.579107940196991,0.1364089846611023,0.579107940196991,0.28448304533958435
just an idea. when editing/creating my bitmoji i think it'd be neat to have the option to mix and match parts of different outfits together or even change colours of parts.,positive,positive,0.505036473274231,0.03110799938440323,0.4638555347919464,0.505036473274231
app is good. no weather forecast is <url> very vague predictions.,positive,neutral,0.6691351532936096,0.03208448365330696,0.6691351532936096,0.2987803816795349
cannot attach pictures to reviews,neutral,neutral,0.5775942206382751,0.32058408856391907,0.5775942206382751,0.10182169079780579
great weather app! easy to use and quick to load. only wish it was easy to find a forecast video on it.,positive,positive,0.7631458640098572,0.021754546090960503,0.21509961783885956,0.7631458640098572
issue on local wifi,neutral,neutral,0.5405054688453674,0.29440176486968994,0.5405054688453674,0.16509272158145905
i dont like this app,negative,negative,0.4600827991962433,0.4600827991962433,0.45633912086486816,0.08357811719179153
on the right track,positive,neutral,0.5205512046813965,0.19701822102069855,0.5205512046813965,0.2824305593967438
best app for browsing,positive,positive,0.7318572402000427,0.025704165920615196,0.24243861436843872,0.7318572402000427
needs a dark mode for the notification bar. hate the bright white glaring at me.,positive,neutral,0.6567690968513489,0.23492208123207092,0.6567690968513489,0.10830889642238617
"good app, but it doesn't support gif in android",positive,neutral,0.7687531113624573,0.04859489947557449,0.7687531113624573,0.18265198171138763
<salutation> i tried to sign in and i gave my email and password and from u a email also came but what next to <url> tried to click check again and continue but nothing happened,positive,negative,0.5990756154060364,0.5990756154060364,0.33179229497909546,0.06913208961486816
been using for several months now as a communication tool for various members of a nonprofit organization. it's only downfall that i can see are the occasional missed update alert and that there is no notification badge on the icon.,positive,neutral,0.6302217841148376,0.14320538938045502,0.6302217841148376,0.22657279670238495
works for what i need,positive,positive,0.7072756886482239,0.051423635333776474,0.24130067229270935,0.7072756886482239
it's saying it's not up to date so i can't view my file. -htc evo,neutral,neutral,0.5564250946044922,0.33550161123275757,0.5564250946044922,0.10807331651449203
when you know how to use it it's pretty fun and useful same with adobe photoshop touch i have a ton of fun with that but you just have to know how to use it or it will not be fun that's why people are reading it for star i read it <number> stars i love it but only because i know how to use it,positive,neutral,0.5469377636909485,0.028122154995799065,0.5469377636909485,0.4249400198459625
best app ever ( my opinion),negative,positive,0.7404980063438416,0.040723469108343124,0.21877852082252502,0.7404980063438416
doesn't tie your account to gmail - so every new phone (or reflash) you have to retype <url>,negative,negative,0.719618022441864,0.719618022441864,0.24742646515369415,0.032955482602119446
great application for team collaboration,positive,positive,0.7756667733192444,0.03027445636689663,0.19405879080295563,0.7756667733192444
"crash easily,make my phone <url> its a great <url> u!",positive,positive,0.6492586135864258,0.04241626709699631,0.3083252012729645,0.6492586135864258
the menu bar above keyboard is annoying,positive,neutral,0.5673850774765015,0.24519774317741394,0.5673850774765015,0.1874171644449234
it's an essential tool.,positive,positive,0.7461652755737305,0.03144392371177673,0.2223907709121704,0.7461652755737305
this bbm doesnt work properly with the samsung notebook <number> . it is always showing limited bbm access. pls fix this,neutral,negative,0.8215231895446777,0.8215231895446777,0.1478201299905777,0.03065657988190651
"unless i open the app, i get no notifications even when my name is mentioned",negative,neutral,0.5667328834533691,0.26787975430488586,0.5667328834533691,0.16538740694522858
it's good app but need more apps related chat process,positive,neutral,0.5345960855484009,0.01886533573269844,0.5345960855484009,0.4465385675430298
"doesn't open all pdfs. i do a lot of work dealing with architectural plans. this does not render all of the pdfs (some open fine, others open blank).",negative,negative,0.7836411595344543,0.7836411595344543,0.18871168792247772,0.027647150680422783
quick way to book a motel when you need too,neutral,positive,0.4963442385196686,0.032664842903614044,0.4709908664226532,0.4963442385196686
can get out of the app by home button and use your <url> timer runs in the <url>,neutral,neutral,0.5981266498565674,0.23450712859630585,0.5981266498565674,0.16736625134944916
"honestly a joke compared to the desktop version of lightroom. i have one of the most powerful phones in existence and this app can't even scroll without lagging. i reinstalled today, <number> months later to find not only has nothing changed but my trial has expired and i now need to pay to use a laggy gimped version of software i already own.",negative,negative,0.8324556350708008,0.8324556350708008,0.13822084665298462,0.02932344563305378
better for <url> !!!! you will try <url> !!!!,neutral,negative,0.7762650847434998,0.7762650847434998,0.18043754994869232,0.043297361582517624
backup feature was awesome,positive,neutral,0.44762036204338074,0.11903602629899979,0.44762036204338074,0.4333435893058777
amazing to use this one like superb,positive,positive,0.7803251147270203,0.03229403868317604,0.187380850315094,0.7803251147270203
i can't post on any website.,neutral,negative,0.6099585294723511,0.6099585294723511,0.3353513479232788,0.054690051823854446
want some other features,neutral,neutral,0.6853877305984497,0.06751391291618347,0.6853877305984497,0.24709835648536682
this app is not user friendly,neutral,negative,0.527294397354126,0.527294397354126,0.40508171916007996,0.06762386113405228
force closes <number> / <number> !,negative,negative,0.6901527047157288,0.6901527047157288,0.2475530207157135,0.062294263392686844
what a waste of this apps effort the image meta data are always show false info when export image to gallery,negative,negative,0.907839834690094,0.907839834690094,0.07291392982006073,0.019246278330683708
it's a nic app n helpful <url>,positive,positive,0.7041410207748413,0.02552693337202072,0.27033206820487976,0.7041410207748413
how to change time ??,neutral,neutral,0.5343651175498962,0.30015993118286133,0.5343651175498962,0.16547495126724243
it's ok but this new version is not so impressive,neutral,neutral,0.776366651058197,0.0378168486058712,0.776366651058197,0.18581658601760864
this is a good movie downloader,positive,positive,0.7066020369529724,0.02086031064391136,0.27253761887550354,0.7066020369529724
want my old avatar can't find it,negative,neutral,0.464103102684021,0.4520127475261688,0.464103102684021,0.08388420939445496
best of pdf file app,positive,positive,0.7413609027862549,0.03435333073139191,0.2242857962846756,0.7413609027862549
i would have gave <number> stars if y'all had more cute outfits for the girls to wear that is seasonal appropriate,positive,positive,0.5278077125549316,0.03707166016101837,0.4351206421852112,0.5278077125549316
was ok but i can easily use other apps when i press home,negative,neutral,0.7473112940788269,0.03677022084593773,0.7473112940788269,0.21591851115226746
"useless. can't log in using the app at all. deleted and reinstalled several times, still no luck.",negative,negative,0.929719090461731,0.929719090461731,0.05496852472424507,0.015312454663217068
"easy to use, but if i plant a tree to grow and then leave the app it doesn't die. don't know if that's a bug in the app, but knowibg it won't die once i exit the app gives me no reason to stay focused",positive,neutral,0.7177695631980896,0.10976170003414154,0.7177695631980896,0.17246876657009125
cuts down on paper usage.,positive,negative,0.541796863079071,0.541796863079071,0.3901510536670685,0.06805206835269928
<salutation> then dropped it. and now the radar animation doesn't work.,negative,negative,0.9184975624084473,0.9184975624084473,0.06506292521953583,0.016439486294984818
"good idea, but too slow on android. much better on desktop.",negative,neutral,0.7386434078216553,0.03959117829799652,0.7386434078216553,0.2217654436826706
"like everything about it, except that the radar animation is a little clunky.",positive,neutral,0.5659786462783813,0.02605322189629078,0.5659786462783813,0.40796810388565063
it's the king when it comes on downloading from internet i really appreciate it,positive,positive,0.7557055354118347,0.031127408146858215,0.21316707134246826,0.7557055354118347
"i'm using uc browser from many years and its was amazing but from the last update i got, it get <url> everytime i open new site, it shows an error everytime. please fix this.",neutral,neutral,0.6538648009300232,0.21078646183013916,0.6538648009300232,0.13534878194332123
cant install this app on my s <number> . error cant install in default location,negative,negative,0.8058549761772156,0.8058549761772156,0.16557708382606506,0.02856791391968727
needs to include precipitation estimates,neutral,neutral,0.7508979439735413,0.0820525661110878,0.7508979439735413,0.16704952716827393
new version is a step back,negative,neutral,0.5027307271957397,0.3177209794521332,0.5027307271957397,0.17954829335212708
great but watch little bug,neutral,positive,0.6257433891296387,0.02417389117181301,0.35008272528648376,0.6257433891296387
i love this app.,positive,positive,0.7566601037979126,0.04368143528699875,0.19965846836566925,0.7566601037979126
"love the idea, and as long as i didn't touch my phone notifications and such didn't ruin my progress. however if i try to exit out of the app (to use whitelisted apps like my calculator) then it 'killed' my trees.",neutral,neutral,0.6410229206085205,0.11713473498821259,0.6410229206085205,0.2418423891067505
"my mom found this before i did! i'm <number> and even i like it. lol great for all ages. you can make it look just like you to every detail, many clothes and accessory choices, and when you want to send a text to somebody they basically have everything you might want to say to somebody in a text or to reply back to somebody in a text message. plus cute little emojis of yourself doing things.",positive,positive,0.7682907581329346,0.025842837989330292,0.20586641132831573,0.7682907581329346
ads ads ads everywhere,neutral,negative,0.8220256567001343,0.8220256567001343,0.15096507966518402,0.027009207755327225
has gotten a bit better since last review. i really like the lightning strike display. helps me with my lightning photos,neutral,positive,0.7464156150817871,0.023611392825841904,0.22997303307056427,0.7464156150817871
i really enjoy it,positive,positive,0.7531386613845825,0.030287548899650574,0.2165738195180893,0.7531386613845825
i rely on accurate radar as i work outside everyday on a golf course. the daily and the hourly forecast constantly contradict each other though now and it's hard to figure out what the actual weather will be so i can only really rely on radar.,positive,neutral,0.4933645725250244,0.06567835807800293,0.4933645725250244,0.44095706939697266
"i enjoyed it, but the app deleted all of my purchases, such as trees and sounds",neutral,neutral,0.6322778463363647,0.05761634558439255,0.6322778463363647,0.3101058304309845
so far it's good,positive,positive,0.6111189126968384,0.015547598712146282,0.37333348393440247,0.6111189126968384
would like some custom messages when trees are planted,positive,positive,0.5185653567314148,0.025159576907753944,0.4562751054763794,0.5185653567314148
used to be good,negative,negative,0.8469526767730713,0.8469526767730713,0.1305818110704422,0.02246558666229248
make category select bradcast message!,neutral,neutral,0.5246545672416687,0.22698058187961578,0.5246545672416687,0.24836482107639313
causes allot of problems will change dates etc when making a booking. prob better off staying with web page.,negative,neutral,0.7058736681938171,0.16264890134334564,0.7058736681938171,0.13147741556167603
reflow feature quirky. can't somehow help feeling suspicious it is bugridden inside.,negative,neutral,0.7144017815589905,0.17032328248023987,0.7144017815589905,0.11527496576309204
i don't <url> i can't understand this appp,neutral,negative,0.47848010063171387,0.47848010063171387,0.4266275465488434,0.09489237517118454
crashes on galaxy s,negative,negative,0.7401278614997864,0.7401278614997864,0.21076887845993042,0.04910321161150932
force closes all the time. from a company with a good to great rep. i had expected better,negative,neutral,0.4763965606689453,0.2696629762649536,0.4763965606689453,0.25394049286842346
great <url> ruined with ads,neutral,negative,0.9186654686927795,0.9186654686927795,0.06300526857376099,0.018329264596104622
worst experience at hotel,negative,negative,0.924842894077301,0.924842894077301,0.05934319645166397,0.015813877806067467
heating and battery problem,neutral,neutral,0.5881847739219666,0.29599350690841675,0.5881847739219666,0.11582163721323013
fed up with advertisements. oh my gosh. cannot tolerate this application anymore,negative,negative,0.8885480761528015,0.8885480761528015,0.09323744475841522,0.018214521929621696
this is the fastest app searching mode,positive,neutral,0.4903295040130615,0.05525694414973259,0.4903295040130615,0.4544135630130768
"nice app for managing ongoing projects, teams, groups.",positive,positive,0.7689215540885925,0.027211615815758705,0.2038668543100357,0.7689215540885925
is not allways up to date with current weather.,positive,neutral,0.6925838589668274,0.1911318302154541,0.6925838589668274,0.11628428846597672
realy superrrr <url> saver app,positive,neutral,0.5406216979026794,0.24808819591999054,0.5406216979026794,0.21129009127616882
<number> day trial? and then creative cloud?,negative,negative,0.42078697681427,0.42078697681427,0.4144326150417328,0.164780393242836
the print button keeps shutting itself down,positive,negative,0.551223635673523,0.551223635673523,0.3866284191608429,0.06214802339673042
average performance in download,neutral,neutral,0.715891420841217,0.07553273439407349,0.715891420841217,0.2085757851600647
animation on radar stopped,negative,negative,0.7929121255874634,0.7929121255874634,0.1692734807729721,0.03781435266137123
"so far so good. surfing is made enjoyably interesting, thumb ups.",positive,positive,0.7417625188827515,0.019318798556923866,0.23891866207122803,0.7417625188827515
bbm sucks on my galaxy s <number> mini .,negative,negative,0.8643202781677246,0.8643202781677246,0.11386358737945557,0.02181612327694893
what did i download?,negative,negative,0.6636159420013428,0.6636159420013428,0.2793397307395935,0.05704430490732193
my favourite editing apl,positive,positive,0.7228079438209534,0.05017625540494919,0.22701582312583923,0.7228079438209534
so easy to use and appropriate advice,positive,positive,0.7515586614608765,0.020516131073236465,0.2279251217842102,0.7515586614608765
doesn't work properly.,negative,negative,0.8884692788124084,0.8884692788124084,0.08927212655544281,0.022258583456277847
"generally good, sometimes price filter doesn't work well.",positive,neutral,0.5235596895217896,0.01994415372610092,0.5235596895217896,0.4564961791038513
love this app pretty accurate,positive,positive,0.7680910229682922,0.027156691998243332,0.20475226640701294,0.7680910229682922
as much as <number> degrees off!,negative,neutral,0.5305823087692261,0.24926923215389252,0.5305823087692261,0.22014844417572021
used to be good,negative,negative,0.8469526767730713,0.8469526767730713,0.1305818408727646,0.02246558666229248
"this app helps me be productive, but since the update, i can't plant the trees i had previously bought.",positive,neutral,0.6682131290435791,0.030585722997784615,0.6682131290435791,0.30120110511779785
dell streak:force close sometimes. blank pages sometimes. need bookmark feature and ability to continue from last read page.,neutral,neutral,0.7319351434707642,0.132646843791008,0.7319351434707642,0.13541798293590546
"if your in a hurry, i'd recomed calling, it takes a wile to fill out the information.",neutral,neutral,0.663120448589325,0.15172837674617767,0.663120448589325,0.18515115976333618
good but not good as web version,positive,neutral,0.7721179723739624,0.06941884756088257,0.7721179723739624,0.15846313536167145
problems working over wi-fi,negative,neutral,0.5688551664352417,0.3234274089336395,0.5688551664352417,0.10771743953227997
it's ads all the way,negative,negative,0.6035656929016113,0.6035656929016113,0.33610427379608154,0.06033003702759743
no password support <url>,negative,negative,0.47649815678596497,0.47649815678596497,0.4365914762020111,0.08691040426492691
"good, but not perfect",neutral,neutral,0.7699024081230164,0.05125457048416138,0.7699024081230164,0.17884300649166107
i wish it would work offline,positive,neutral,0.5163970589637756,0.038354285061359406,0.5163970589637756,0.44524866342544556
cloud based apps do not work for me. with pathetic network services in our region it becomes frustrating to use. pity. will have to uninstall,negative,negative,0.8801249265670776,0.8801249265670776,0.0983569547533989,0.021518060937523842
"so disappointed with this app! why would you delete an entire account without any warnings? see i'm not mad that you deleted my account because i had iran's ip address, i'm mad because you didn't even bothered to give me a chance to take back up of my files! do you understand how unprofessional this is? so disappointed!",negative,negative,0.9057861566543579,0.9057861566543579,0.07701649516820908,0.017197350040078163
this app is good,positive,positive,0.6289130449295044,0.029419388622045517,0.3416675627231598,0.6289130449295044
"slow, laggy performance. thinkfree office opens my pdfs and allows smooth transitions and zooming.",negative,neutral,0.682147204875946,0.19613362848758698,0.682147204875946,0.12171917408704758
since the update the radar doesn't work <url>,negative,negative,0.8539007902145386,0.8539007902145386,0.12263277918100357,0.023466449230909348
"like the app, but could you please remove the external storage permission when i want to take a picture? i don't like granting apps dangerous permissions and i know you don't need it if you use the file provider api. <signature>",negative,neutral,0.658357560634613,0.08358942717313766,0.658357560634613,0.2580530643463135
there is no print option i can find.,neutral,neutral,0.584481954574585,0.3123393654823303,0.584481954574585,0.1031787246465683
<url> the picture size on bbm group is too small sometime not clear. also incoming bbm call is not detected or not showed in galaxy gear s <number>,positive,neutral,0.6224515438079834,0.22776734828948975,0.6224515438079834,0.1497810333967209
got stuck on trying to confirm my booking and i lost the accommodation. after that force crash. uninstall. htc desire,negative,negative,0.921757698059082,0.921757698059082,0.06154606491327286,0.016696207225322723
please fix the radar,negative,neutral,0.4971303939819336,0.355947345495224,0.4971303939819336,0.1469222754240036
"good adjustment, bad storage",neutral,neutral,0.7146520018577576,0.057458411902189255,0.7146520018577576,0.2278895229101181
coming from adobe this is absolute garbage. fails to open pdf files. it was only <number> kb. garbage.,negative,negative,0.9158692955970764,0.9158692955970764,0.06769267469644547,0.016438046470284462
after i updated the new bbm version always getting <url> sometime the messages pending without ceklis my friend send in the morning but the messages coming after <number> or <number> hour <url> i saw on the messages the time when he send me a messages and this made my planning <url> should i didn't upgraded <url>,negative,neutral,0.5792951583862305,0.2753666937351227,0.5792951583862305,0.14533819258213043
new update ruined the app,negative,negative,0.9184665083885193,0.9184665083885193,0.06411926448345184,0.017414269968867302
a widget would be nice,positive,neutral,0.623995840549469,0.03875460848212242,0.623995840549469,0.3372494876384735
there are ads now?,neutral,negative,0.5159076452255249,0.5159076452255249,0.4103719890117645,0.07372034341096878
difficult when on vacation,positive,neutral,0.7200171947479248,0.07792405039072037,0.7200171947479248,0.202058807015419
notifications are bonkers. (will give <number> once fixed),negative,neutral,0.5455318093299866,0.28975844383239746,0.5455318093299866,0.16470970213413239
can't add new locations,neutral,neutral,0.6312907338142395,0.27023494243621826,0.6312907338142395,0.09847427904605865
nice tool for inter-team communication,positive,positive,0.7383208274841309,0.02387755550444126,0.23780155181884766,0.7383208274841309
it's download video very fast and all other thing,positive,positive,0.6210667490959167,0.03496374934911728,0.34396952390670776,0.6210667490959167
"veru useful app only when used with its <number> rd-party integrations, yet flock is much better alternative for having more free features.",positive,neutral,0.5963555574417114,0.029810206964612007,0.5963555574417114,0.3738342523574829
doesn't <url> i'll go on other apps and the tree still <url> little i inventive to actually stay off the phone,negative,negative,0.6125375628471375,0.6125375628471375,0.3404496908187866,0.047012798488140106
"when ever i update app,it won't work and i lost my all data many times",negative,negative,0.8877837061882019,0.8877837061882019,0.09425276517868042,0.01796354167163372
doesn't work much! where's the <number> version???,negative,negative,0.8864595293998718,0.8864595293998718,0.09392774105072021,0.019612682983279228
nice app fast downloading,positive,positive,0.7366530895233154,0.020852189511060715,0.24249474704265594,0.7366530895233154
"the app is great, it's fun and helpful, tho when you click the home button, it doesn't die. you could fix that",positive,positive,0.7557011842727661,0.02252958156168461,0.22176922857761383,0.7557011842727661
"easy to use, always <url> when you book thrue them, they will charge you too much.",neutral,positive,0.7218005061149597,0.02196071483194828,0.25623875856399536,0.7218005061149597
there is no jump to page option so you have to flip through every single page! its a big waste of time.,negative,negative,0.9039844870567322,0.9039844870567322,0.07673007994890213,0.019285451620817184
great and easy to use,positive,positive,0.790473997592926,0.027922075241804123,0.18160389363765717,0.790473997592926
"cloud subscription, no <signature>",negative,negative,0.6661157011985779,0.6661157011985779,0.2714047133922577,0.06247962266206741
great app to focus!,positive,positive,0.7817615866661072,0.04156646504998207,0.17667193710803986,0.7817615866661072
pay when you arrive. err no,neutral,negative,0.6921234726905823,0.6921234726905823,0.2604605257511139,0.04741601273417473
great apps for great team,positive,positive,0.7770002484321594,0.03618421033024788,0.18681550025939941,0.7770002484321594
i like the appl because it connect me to a lot of people in my office,positive,positive,0.7069712281227112,0.029022136703133583,0.26400670409202576,0.7069712281227112
can't open my bbm after updated,negative,negative,0.6003821492195129,0.6003821492195129,0.3457210958003998,0.05389676243066788
cannot use for flash <url>,neutral,neutral,0.46784189343452454,0.4501752555370331,0.46784189343452454,0.0819828137755394
won't work with my text messages and have to start a new conversation to use it in messenger,neutral,negative,0.9064232110977173,0.9064232110977173,0.07655397057533264,0.017022792249917984
it crashes every time,positive,negative,0.8502920269966125,0.8502920269966125,0.12410958111286163,0.025598367676138878
great app for group family communication across multiple types of devices and countries,positive,positive,0.7837117314338684,0.033811818808317184,0.1824764758348465,0.7837117314338684
it was great radar sucks now,negative,negative,0.9040385484695435,0.9040385484695435,0.07922575622797012,0.016735730692744255
missing a tablet version,neutral,neutral,0.6547872424125671,0.20888788998126984,0.6547872424125671,0.13632488250732422
the browser is used very fast connecting browser,positive,neutral,0.5286175012588501,0.07432837784290314,0.5286175012588501,0.39705413579940796
i want a etc wallet that's all i want to invest <url>,negative,neutral,0.5425174236297607,0.23330895602703094,0.5425174236297607,0.2241736352443695
not so much but good,positive,neutral,0.7723004221916199,0.040552567690610886,0.7723004221916199,0.18714705109596252
well the app is kinda <url>,positive,neutral,0.4991558790206909,0.06144338101148605,0.4991558790206909,0.43940070271492004
the program is very slow and can be unresponsive. there is no bookmake setting. pages take a very long time to load even when zooming in and out.,negative,neutral,0.7158429026603699,0.1712786853313446,0.7158429026603699,0.11287836730480194
totally invasive and inappropriate for development. it kept people talking for every detail for hours. kill innovation and efficiency. cannot replace skype so another chat cheater. a waist of time in communication. one good point if you can make your competitors to use it. they will collapse.,negative,negative,0.8638741970062256,0.8638741970062256,0.11086441576480865,0.025261351838707924
i love it. but i think it would be better to add angle correction as well is needed sometimes and i don't like having to use other apps to do this.,neutral,positive,0.5111936330795288,0.025066114962100983,0.4637402594089508,0.5111936330795288
the emoticon not <url> :'(,neutral,neutral,0.484356164932251,0.3892417252063751,0.484356164932251,0.1264021247625351
good app. had full version but they took it away. would like it back. radar not working. layers are not working. must be a weather bug.,neutral,neutral,0.7542922496795654,0.1042630597949028,0.7542922496795654,0.14144465327262878
can't import my booking? what's the point of getting this app? anyone?,negative,negative,0.7787545323371887,0.7787545323371887,0.18984633684158325,0.03139910101890564
"the app sometimes gets stuck on a certain temperature and you have to actually click on the app to get the correct temperature to pop up, but at least with this app i can actually get the <number> -day and hourly forecast pages to load which is something i can't get with accuweather. so i guess what i'm saying is it's probably the <signature>",positive,neutral,0.5775638818740845,0.06815160810947418,0.5775638818740845,0.3542845547199249
"great, but occasionally crashes",positive,neutral,0.6469943523406982,0.04790549725294113,0.6469943523406982,0.3051001727581024
"crap, takes ages to loads and lags on all docs, standard pdf viewer much better",negative,negative,0.8853064775466919,0.8853064775466919,0.09410233795642853,0.02059115283191204
it stops working frequently,neutral,negative,0.5335702300071716,0.5335702300071716,0.391704797744751,0.07472501695156097
like it more than most weather apps i've tried. would recommend!,positive,positive,0.7243828177452087,0.024195697158575058,0.2514214515686035,0.7243828177452087
stupid trees. too much green. too cute. memory hog. deleted it.,negative,negative,0.9135270118713379,0.9135270118713379,0.07021693140268326,0.016256114467978477
plz add readout loud feature in application,positive,neutral,0.6271215677261353,0.1295863389968872,0.6271215677261353,0.24329212307929993
"give error, stuck onopening",negative,negative,0.8016130328178406,0.8016130328178406,0.16755951941013336,0.03082742914557457
the radar map only shows past not current,neutral,neutral,0.4900931119918823,0.3940587043762207,0.4900931119918823,0.11584823578596115
"the worst, the most bugged app that i've ever seen in my life! always crashing for no reason!",negative,negative,0.9323452711105347,0.9323452711105347,0.053166624158620834,0.01448806282132864
this does not work with my phone i exited the app for ages and my tree still grew.,negative,negative,0.9141977429389954,0.9141977429389954,0.06779299676418304,0.018009278923273087
the application is too slow. sometimes it just wont select the options.,neutral,neutral,0.7344235777854919,0.140706405043602,0.7344235777854919,0.12486998736858368
useless doesn't open email attachments on lg optimus,negative,negative,0.9171982407569885,0.9171982407569885,0.06761457771062851,0.015187215059995651
its a very good app,positive,positive,0.7199498414993286,0.02031773328781128,0.25973236560821533,0.7199498414993286
good up to date service,neutral,positive,0.6402087211608887,0.022104693576693535,0.33768659830093384,0.6402087211608887
luv it but u should allow us <number> make more than one character then i'll give u <number>  's,neutral,neutral,0.6880983710289001,0.07226411998271942,0.6880983710289001,0.23963747918605804
"app does what it has to do, but would it be possible to implement a harder way to cancel the growth of your tree? now it takes about <number> seconds. you could make another cancel button which you have to press for <number> minute without releasing it to unlock your phone. gives you time to think if you really need to unlock it. <signature>",neutral,neutral,0.7566568851470947,0.08912968635559082,0.7566568851470947,0.15421344339847565
need full raw hdr for lg v <number> !!!,neutral,neutral,0.6296982765197754,0.20863276720046997,0.6296982765197754,0.16166894137859344
it wont even let me log in!!!,negative,negative,0.9319521188735962,0.9319521188735962,0.053484342992305756,0.014563487842679024
wouldn't search any locations.,negative,negative,0.8445060849189758,0.8445060849189758,0.13250590860843658,0.02298795059323311
new version is not intuitive.,negative,neutral,0.6200875639915466,0.2905828058719635,0.6200875639915466,0.08932959288358688
image previews don't work,positive,negative,0.5995685458183289,0.5995685458183289,0.34986862540245056,0.050562839955091476
"its great, just too many ads",positive,positive,0.7172108888626099,0.035445306450128555,0.24734382331371307,0.7172108888626099
radar has stopped working,negative,negative,0.864707350730896,0.864707350730896,0.11059547960758209,0.02469722181558609
has been treating me well for years,positive,positive,0.6323058605194092,0.060949791222810745,0.3067443370819092,0.6323058605194092
animated radar not working,negative,negative,0.7347350120544434,0.7347350120544434,0.22016850113868713,0.04509648680686951
problems with internet connection s <number> edge,neutral,neutral,0.6192162036895752,0.24915103614330292,0.6192162036895752,0.1316327303647995
"another login and account needed, mediocre editing",negative,neutral,0.6657223701477051,0.19773510098457336,0.6657223701477051,0.13654251396656036
i need a tab for news language i don't want it to be default for the place i live in my native language may be different. please look into it,positive,neutral,0.6491767168045044,0.10657908022403717,0.6491767168045044,0.24424420297145844
"idea is nice, <url>",neutral,neutral,0.5529784560203552,0.04658107832074165,0.5529784560203552,0.4004404842853546
useless and hang in itself,negative,negative,0.9285691380500793,0.9285691380500793,0.05538390576839447,0.01604694314301014
lagging on nvidia shield tablet,neutral,neutral,0.658918023109436,0.22743767499923706,0.658918023109436,0.11364433914422989
less taps &gt; more taps is not always true! this update clutters up the mobile app and looks horrible! bring back the drop down menu.,positive,negative,0.9237809181213379,0.9237809181213379,0.06140350177884102,0.014815563336014748
great mobile app for a great platform,positive,positive,0.7665964365005493,0.03936547040939331,0.19403810799121857,0.7665964365005493
easiest way to keep all my accommodation details with me when i travel.,positive,positive,0.6367821097373962,0.025383275002241135,0.3378346860408783,0.6367821097373962
"there is no way to search or jump to the pages i want. so, in a <number> page document, i have to page down until i get to where i want. very poor!",neutral,negative,0.9017747640609741,0.9017747640609741,0.07842114567756653,0.019804080948233604
crashes on z <number> compact,neutral,negative,0.46464186906814575,0.46464186906814575,0.4311632513999939,0.10419489443302155
"can't delete any of the pdf files! someone ,help mytouch <number> g",neutral,neutral,0.46733254194259644,0.45029184222221375,0.46733254194259644,0.08237563818693161
somethings wrong with this app,positive,negative,0.8135067224502563,0.8135067224502563,0.15538279712200165,0.031110472977161407
well organized app. offers better deals than the hotel itself.,positive,positive,0.7281818389892578,0.0264769047498703,0.24534131586551666,0.7281818389892578
faster than other app,positive,neutral,0.6286542415618896,0.10630573332309723,0.6286542415618896,0.26504001021385193
"decent, but needs ability to define custom notification sound. the built-in ones are too quiet and the 'device default' is too general.",positive,neutral,0.6985792517662048,0.027966773137450218,0.6985792517662048,0.273453950881958
"if you have difficulties staying focussed, then this is definitely the app for you. as trivial as it sounds, there's a real sense of satisfaction in seeing your forest grow the more time you log. the only thing i would say which could be added is social email support or facebook integration, which i believe is already a feature on the ios version. some of my friends are using it too, and seeing their forests grow (perhaps even on some kind of map next to mine?) would add an element of healthy competition!",positive,neutral,0.4889473617076874,0.049703449010849,0.4889473617076874,0.46134915947914124
would be better with out ads,positive,neutral,0.6954511404037476,0.045619867742061615,0.6954511404037476,0.25892898440361023
<number> star 'coz why we have to request hd quality picture first? oh <url> nobody need bad quality picture. washing <url> another chat app more better !!,neutral,negative,0.684052050113678,0.684052050113678,0.2651079595088959,0.05084002763032913
"my screen goes off, but when i unlock my phone, my tree dies. makes the app pointless as it forces me to keep the screen on which is distracting. great concept though.",neutral,neutral,0.7043361663818359,0.10167079418897629,0.7043361663818359,0.19399301707744598
it will be better if the apps allow users to listen music while studying or doing their things,positive,neutral,0.6571687459945679,0.03139440715312958,0.6571687459945679,0.31143686175346375
the app is free on android but why can't i use my new unlocked tree?!,negative,neutral,0.49061328172683716,0.4042496979236603,0.49061328172683716,0.1051369309425354
"not ideal, but better than a few other ""freeware"" options there with lots of adds or crappy ui.",positive,neutral,0.7619138956069946,0.07919928431510925,0.7619138956069946,0.15888677537441254
add break or pause option plz,positive,neutral,0.6846368908882141,0.09764119982719421,0.6846368908882141,0.21772195398807526
good effort <url> try to send correct notification of the news or story.,positive,positive,0.6119422912597656,0.025494134053587914,0.3625635802745819,0.6119422912597656
doesn't work keeps saying bad internet connection but all other apps work.,negative,negative,0.7090864181518555,0.7090864181518555,0.2559788227081299,0.03493477404117584
did not install this app. all i did was update my phone and it was there and i can delete it! very annoying!!!,negative,negative,0.9039008021354675,0.9039008021354675,0.07909398525953293,0.01700522005558014
last updates causing problems.,neutral,neutral,0.5793936848640442,0.3177829682826996,0.5793936848640442,0.10282336175441742
"stupid app many many ads ,don't download this app",negative,negative,0.9297307133674622,0.9297307133674622,0.05585777387022972,0.014411477372050285
too much buz for nothing so special.,negative,neutral,0.6911395788192749,0.15433862805366516,0.6911395788192749,0.15452179312705994
simple but effective app to end smartphone addiction,positive,positive,0.6453244686126709,0.023281823843717575,0.3313937485218048,0.6453244686126709
technology at its <signature>,positive,positive,0.4618838131427765,0.1096942275762558,0.42842188477516174,0.4618838131427765
"editing is all about precision, of which this isn't good at. trying to crop is like throwing stones at a picture frame on a wall and hoping it sticks. when you get it you accidently press another button and all the work is <url> still needs some refining",neutral,neutral,0.7236202359199524,0.08807069808244705,0.7236202359199524,0.18830907344818115
used to love <url>,neutral,negative,0.8724485039710999,0.8724485039710999,0.1080470010638237,0.01950451172888279
bbm is really gud,positive,neutral,0.4968414902687073,0.29345953464508057,0.4968414902687073,0.20969897508621216
still a good app,neutral,positive,0.6466838121414185,0.020528433844447136,0.33278775215148926,0.6466838121414185
"looks nice but the live radar always zooms in to close, i like to see the entire area around my location.",positive,positive,0.5668797492980957,0.018076753243803978,0.4150434732437134,0.5668797492980957
creeping permissions. no <signature>,negative,negative,0.7824229001998901,0.7824229001998901,0.17615656554698944,0.0414205826818943
don't expect to be productive on the tube,negative,neutral,0.6482797265052795,0.2526412010192871,0.6482797265052795,0.09907908737659454
huge apo. does not have move to sd card. standard reader v. good. uninstalling.,negative,negative,0.9087656140327454,0.9087656140327454,0.07279340922832489,0.01844102330505848
too many push and price not clear,neutral,neutral,0.648896336555481,0.22559808194637299,0.648896336555481,0.12550556659698486
great app but updated the app but the bug is still there where the animation plays without accessing the app so you have to tap screen to gain access to home screen. that bug has been there forever please fix!,neutral,neutral,0.6480167508125305,0.21056924760341644,0.6480167508125305,0.14141403138637543
like it but need better notification settings,positive,neutral,0.5885385274887085,0.026820234954357147,0.5885385274887085,0.38464125990867615
being a motorcycling enthusiast i like to know where the rain is and what direction it's heading.,positive,positive,0.723707377910614,0.04213153198361397,0.2341611385345459,0.723707377910614
radar no longer works,negative,negative,0.9044572114944458,0.9044572114944458,0.07445553690195084,0.021087290719151497
why i cannot play my download video?,neutral,neutral,0.5309046506881714,0.3218325078487396,0.5309046506881714,0.1472628265619278
as an alternative in contacting people,positive,neutral,0.5940790772438049,0.05922435224056244,0.5940790772438049,0.3466965854167938
crashes all the time tells you there is no memory even on sd card. won't let you use if you decline push notifications,negative,negative,0.8324671387672424,0.8324671387672424,0.14239409565925598,0.025138841941952705
what's the point?,negative,negative,0.7247558236122131,0.7247558236122131,0.23065300285816193,0.04459116607904434
"i used to really love this browser but now it's just annoying .when i download files sometimes it tells me ""file doesn't exist"" and i have to redownload ,plus it lags .",negative,neutral,0.5579996705055237,0.3583427369594574,0.5579996705055237,0.08365759253501892
its good but i think it should add like fortnite emojis or other characters,positive,neutral,0.5654171705245972,0.019653689116239548,0.5654171705245972,0.4149291515350342
its good but now a days it slow,neutral,neutral,0.7186828851699829,0.028828557580709457,0.7186828851699829,0.25248855352401733
"the emojis you can make out of it are great! however, it would be nice to implement the character doing different kinds of sports. also the app didn't have my face shape, hairstyle, and the mouth was too big for me. basically i had to go with what i could find that looked the most like me, and a bunch of people still thought that the bitmoji looked nothing like me. something else i'd like to add is that maybe for the female character, put some outfits that are t-shirts and moderate shorts, not just short shorts. i couldn't find my usual attire because of that. overall, my bitmoji only looks a bit like me so if you guys can change the face, costumes, and facial features to let more people have an accurate character, it'd be great. <signature>",positive,neutral,0.5155447721481323,0.03094347007572651,0.5155447721481323,0.4535117447376251
throw this app to garbage,negative,negative,0.9153777956962585,0.9153777956962585,0.06943318992853165,0.015189115889370441
very nice and helpful <url> luving <url>,positive,positive,0.763222336769104,0.026629352942109108,0.21014828979969025,0.763222336769104
it will be better if there will be option to archive a chat,positive,neutral,0.7047865390777588,0.03786966949701309,0.7047865390777588,0.25734376907348633
requesting to build a bigger forest!,positive,negative,0.7325472831726074,0.7325472831726074,0.21608467400074005,0.05136799439787865
stop the stupid ads,negative,negative,0.8735942244529724,0.8735942244529724,0.10409438610076904,0.022311411798000336
spark lightening no longer working,neutral,negative,0.73050856590271,0.73050856590271,0.22016102075576782,0.049330420792102814
"slowly slowly you are making it worst app but it's your app you can do anything after all you are communist. see i don't like your inbuilt pdf viewer,video viewer app so allow user to use apps like adobe pdf reader and mx <url> and the new problem is the facebook video is not working <url> earlier i have given <number> star rating but now you are decreasing quality <url>",negative,neutral,0.6304242610931396,0.2592110335826874,0.6304242610931396,0.11036471277475357
doesn't export my photos most of the time,neutral,negative,0.6564168930053711,0.6564168930053711,0.30081552267074585,0.042767640203237534
still need to improve,positive,neutral,0.6387653946876526,0.04830162599682808,0.6387653946876526,0.31293296813964844
no philippine peso currency?,neutral,negative,0.4747489094734192,0.4747489094734192,0.4386349320411682,0.0866161361336708
"i downloaded this app specifically to merge photos together on my backpacking adventures whilst eliminating the need for a laptop. sadly, it does not have the function to merge photos for panoramic or hdr.",neutral,neutral,0.5405248403549194,0.34922733902931213,0.5405248403549194,0.11024782061576843
"pretty effective but i just noticed it doesn't pick up the usage of one of my most distracting apps (bacon reader for reddit). i was on it and thought oh no my tree! opened up to find it wasn't triggered. double checked my white list etc, everything was proper. if it doesn't block that it becomes pretty useless in my eyes",positive,neutral,0.675864577293396,0.18448203802108765,0.675864577293396,0.13965336978435516
"awesome app. it would be sooo useful to have one button access to the lastest posts accross all channels and all workgroups, i find im spending much time digging around for the latest posts.",positive,positive,0.769390881061554,0.02410958893597126,0.20649950206279755,0.769390881061554
its good and so easy to use,positive,positive,0.7252467274665833,0.01697859726846218,0.2577747404575348,0.7252467274665833
this isn't as good as it's siblings,negative,neutral,0.6731939315795898,0.21438902616500854,0.6731939315795898,0.11241702735424042
app is good service,neutral,positive,0.6119968891143799,0.024638084694743156,0.3633649945259094,0.6119968891143799
app thinks i am a man :'),negative,neutral,0.5117249488830566,0.2504649758338928,0.5117249488830566,0.23781003057956696
will not work correctly. i tryed to set the map in motion and it will not move!,negative,negative,0.8930364847183228,0.8930364847183228,0.08638907223939896,0.020574430003762245
super cute but kind of difficult to use on the spot.,positive,neutral,0.597736656665802,0.027566222473978996,0.597736656665802,0.37469714879989624
"nice, but couldn't find night mode.",positive,neutral,0.7316230535507202,0.045308858156204224,0.7316230535507202,0.22306810319423676
"insanely unreliable - wont let me accept invites to other workspaces nor will this application even show me the invite - login inconsistency, i can auto-login with the app but when i type my password in non-app login screens it wont work. its the same password i use for other applications and i successfully login each time.",negative,negative,0.7121656537055969,0.7121656537055969,0.24572309851646423,0.042111221700906754
cant search without creating an account! they need your email so the can sell it to spammers! unistall!,negative,negative,0.923564612865448,0.923564612865448,0.06069374084472656,0.01574164815247059
only good not <signature>,neutral,neutral,0.752271294593811,0.08373840898275375,0.752271294593811,0.16399036347866058
it is a waste app and waste of time. it is only useful for downloading the movies,positive,negative,0.8892079591751099,0.8892079591751099,0.08876857906579971,0.022023526951670647
it's fast and i can always use it to download,positive,positive,0.6548762917518616,0.02505028247833252,0.3200734257698059,0.6548762917518616
have to use and see,neutral,neutral,0.560986340045929,0.28365325927734375,0.560986340045929,0.1553604155778885
good but some issues,positive,neutral,0.6409646272659302,0.02229827456176281,0.6409646272659302,0.33673709630966187
plz see sex movies it's nice in this,neutral,positive,0.590799868106842,0.029102256521582603,0.3800978362560272,0.590799868106842
wont open. it always crashes and my phone reports it having multiple errors in <number> week,negative,negative,0.9165059924125671,0.9165059924125671,0.0674210786819458,0.01607295125722885
fcs on a <number> page pdf. really?! even on my stock evo that's awesome? this reminds me of flash player on my laptop- always causing problems. adobe = crap,negative,negative,0.8064348697662354,0.8064348697662354,0.16185402870178223,0.03171109780669212
"the worst app ever can't download a single <url> my downloads have been ""unsuccessful""",negative,negative,0.9275251626968384,0.9275251626968384,0.05589723214507103,0.016577623784542084
needs text search and in-document link support.,neutral,neutral,0.7337620258331299,0.06524015963077545,0.7337620258331299,0.20099779963493347
it's a great app. love it and good job,neutral,positive,0.7879425883293152,0.02863384410738945,0.18342353403568268,0.7879425883293152
"sometimes wonky when on wifi, but that could be internet connection issue. also wants to have high accuracy location on which will drain your phone quickly.",neutral,neutral,0.7671332955360413,0.07164468616247177,0.7671332955360413,0.16122202575206757
why am i now seeing ads? lame!,negative,negative,0.882834792137146,0.882834792137146,0.09693378210067749,0.02023138292133808
you had one job,positive,negative,0.6235467195510864,0.6235467195510864,0.28763630986213684,0.08881694823503494
"it would be nice if there was an option to record voice messages.    nuisance: when i press 'backwards' in my android, i am thrown out of the app, instead of going backwards to the messages list.    nuisance: i don't see a list of last messaged people in chronological order but randomly. this drives me <url>",neutral,neutral,0.7102587819099426,0.10643035918474197,0.7102587819099426,0.1833108514547348
not replacement for the desktop app,neutral,neutral,0.60389643907547,0.2804657220840454,0.60389643907547,0.11563786119222641
great app to communicate with family and friends.,positive,positive,0.792669415473938,0.03496458753943443,0.1723659783601761,0.792669415473938
best chat application ever,neutral,positive,0.7431879043579102,0.03737384453415871,0.21943823993206024,0.7431879043579102
good app bt needs new features,neutral,positive,0.5275536775588989,0.024430010467767715,0.4480162560939789,0.5275536775588989
it requires access permission n i dont know from where to turn on so can u plz tell m!!,neutral,negative,0.7365286946296692,0.7365286946296692,0.22379754483699799,0.039673786610364914
uffff!!!! plzz don't downloaded this,negative,negative,0.838018536567688,0.838018536567688,0.1366988718509674,0.025282589718699455
good <url> lacks some essential features,positive,neutral,0.5633851885795593,0.023734821006655693,0.5633851885795593,0.41287997364997864
"the app is ok but the camera should no have any sound when you take photos, that problem is quite annoying",neutral,neutral,0.7704539895057678,0.04224659129977226,0.7704539895057678,0.18729941546916962
installation corrupts gmail db on n <number> android <number> . <number>,negative,negative,0.8587051033973694,0.8587051033973694,0.11751992255449295,0.023774975910782814
i think it's a great start app!,positive,positive,0.7474526762962341,0.026418281719088554,0.22612905502319336,0.7474526762962341
radar has been freezing and not moving for last month. deleted it after all this time. pos!!!,negative,negative,0.9163163900375366,0.9163163900375366,0.06901764869689941,0.014665963128209114
ok till it goes wrong,neutral,neutral,0.7412359118461609,0.09085709601640701,0.7412359118461609,0.1679069697856903
i rely on weatherbug every day.,positive,positive,0.5618176460266113,0.07420335710048676,0.3639789819717407,0.5618176460266113
"love this app, especially the lightening strike tracker.",positive,positive,0.7705345153808594,0.03251677751541138,0.19694869220256805,0.7705345153808594
there's still more to it.,positive,neutral,0.5896917581558228,0.09415686130523682,0.5896917581558228,0.3161514103412628
very basic and subscription based,negative,neutral,0.4737609326839447,0.10581447184085846,0.4737609326839447,0.42042458057403564
no words great app,positive,negative,0.6953568458557129,0.6953568458557129,0.24898049235343933,0.05566268041729927
"im not use as well, i think it is bad application, i dont like.",negative,negative,0.6992725729942322,0.6992725729942322,0.2595820128917694,0.04114539176225662
keeps saying photos not found whwn trying to send/ attach to people. using a note <number> <url> its not <url> it <url> pwrfect for what application i needed it for. will try again when i get new phone in a couple weeks.,negative,negative,0.7111919522285461,0.7111919522285461,0.2501612901687622,0.03864674270153046
helpful for book reading,positive,positive,0.7337654232978821,0.021157678216695786,0.24507689476013184,0.7337654232978821
sometimes slow but yet efficient.,positive,neutral,0.655893862247467,0.032564107328653336,0.655893862247467,0.3115420937538147
for some reason the keyboard doesn't work on my phone. and i can't do couple's bitmojis with my wife. but it's fun to use with her anyhow,positive,positive,0.5346825122833252,0.020142212510108948,0.44517526030540466,0.5346825122833252
make anoying bc different ring with chat ring,neutral,neutral,0.5718829035758972,0.1758948266506195,0.5718829035758972,0.2522222697734833
"please make the browser application sync-able with android phones. i was able to sync a few days ago, but now it only syncs with an ios account.",positive,neutral,0.7037608623504639,0.12495792657136917,0.7037608623504639,0.17128118872642517
great app. would have been a <number> if avatar could be edited,neutral,positive,0.7293797135353088,0.04056618735194206,0.23005405068397522,0.7293797135353088
poor cousin to the desktop app,neutral,negative,0.7009973526000977,0.7009973526000977,0.2530202865600586,0.045982349663972855
i get notification for update but i can't update my bbm. please fix it.,neutral,neutral,0.6417364478111267,0.17759044468402863,0.6417364478111267,0.18067310750484467
it wont let me download its saying it is but not getting it,negative,negative,0.8190972805023193,0.8190972805023193,0.15475328266620636,0.026149431243538857
force closed zenfone <number>,negative,negative,0.5037893652915955,0.5037893652915955,0.37549805641174316,0.12071257829666138
cloud service only idea bites,negative,neutral,0.5281866192817688,0.33906489610671997,0.5281866192817688,0.13274846971035004
i can't sign <url> :'(,neutral,neutral,0.4687350392341614,0.40641674399375916,0.4687350392341614,0.12484816461801529
horrible for one reason,negative,negative,0.9289885759353638,0.9289885759353638,0.05501256510615349,0.015998847782611847
<salutation> opening unwanted liks,negative,negative,0.45540210604667664,0.45540210604667664,0.4199143350124359,0.12468355149030685
won't let me end chat,negative,negative,0.8888649940490723,0.8888649940490723,0.09391308575868607,0.017221901565790176
"nice, but flow could be better.",positive,neutral,0.6115884184837341,0.022404013201594353,0.6115884184837341,0.36600756645202637
it just froze up a few days <url> doesn't work at all when i click on it,negative,negative,0.856998860836029,0.856998860836029,0.12138161808252335,0.021619610488414764
the news which displays on the welcome page is very annoying and vulgar have to be very careful when giving it to the children's at home to surf the internet and we had to use other browser in front of others as your front page containt all the vulgarity in news most of the people don't know how to disable news. the option should be visible on the front screen itself,negative,negative,0.5666342377662659,0.5666342377662659,0.36586862802505493,0.06749710440635681
seems impossible to make a review,neutral,neutral,0.6540619134902954,0.23928634822368622,0.6540619134902954,0.10665176808834076
reflow doesn't let you move from what's on the screen. no option to go to specific pages directly (really? scroll through a <number> + page book everytime?),neutral,neutral,0.5795778036117554,0.3362884521484375,0.5795778036117554,0.08413374423980713
low score due to the lack of a dark theme/night mode in <number> !,neutral,neutral,0.6173852682113647,0.26854029297828674,0.6173852682113647,0.11407438665628433
"no floating head, why",negative,neutral,0.4604343771934509,0.45182013511657715,0.4604343771934509,0.08774543553590775
bad on sms blocking,neutral,negative,0.8355485200881958,0.8355485200881958,0.1359456479549408,0.028505831956863403
hated the new update,negative,negative,0.8913879990577698,0.8913879990577698,0.08957886695861816,0.019033139571547508
i find it a bit odd that the app doesn't automatically open a file. i have to go to the app and open the file from there.,positive,neutral,0.7365654110908508,0.07954606413841248,0.7365654110908508,0.18388843536376953
the weather people are always wrong they suck,negative,neutral,0.5160308480262756,0.39742976427078247,0.5160308480262756,0.08653940260410309
"no ""go to page"" feature? really?",neutral,negative,0.52813321352005,0.52813321352005,0.4019434154033661,0.06992333382368088
caused ipad safari to stop working,negative,negative,0.8125993609428406,0.8125993609428406,0.1532147377729416,0.03418593108654022
it's a good app to communicate with team instantly,positive,positive,0.7289212346076965,0.017813079059123993,0.2532656788825989,0.7289212346076965
garbage. worthless app. i hope someone comes up with one better and more organized for people use. makes no sense. cant navigate. not worth the headache.,negative,negative,0.9291282296180725,0.9291282296180725,0.0552382655441761,0.0156335961073637
good but seems to be a battery drainer on lollipop,neutral,neutral,0.6848551034927368,0.026815306395292282,0.6848551034927368,0.2883296012878418
like the funny <url>,positive,positive,0.642352283000946,0.0390842966735363,0.31856346130371094,0.642352283000946
"useless app, doesn't work as described",negative,negative,0.9323362708091736,0.9323362708091736,0.05305091291666031,0.014612739905714989
pdf viewer works much smoother and loads faster,negative,neutral,0.6302326917648315,0.04278137907385826,0.6302326917648315,0.3269859254360199
awesome app with awful ux,neutral,negative,0.518707275390625,0.518707275390625,0.3262060880661011,0.15508659183979034
<salutation> why most of the time. when i finish downloading video and going to play it. it says failed to open its not like this before using old version.,negative,negative,0.5834462642669678,0.5834462642669678,0.3600817024707794,0.05647202208638191
couldn't get edited photos out of lightroom!,negative,negative,0.8354126214981079,0.8354126214981079,0.1415097862482071,0.02307758666574955
the update sucks!!! i lost all the trees i previously unlocked.,negative,negative,0.9313322305679321,0.9313322305679321,0.054236214607954025,0.01443159393966198
the cancellations are confusing and the will double charge,neutral,neutral,0.7171234488487244,0.14945931732654572,0.7171234488487244,0.1334172934293747
"great, but eset is going off",positive,neutral,0.5583906173706055,0.036960240453481674,0.5583906173706055,0.40464913845062256
it is too slow app.,negative,neutral,0.6998351216316223,0.17739921808242798,0.6998351216316223,0.12276566028594971
good & need more development options,neutral,positive,0.5650836229324341,0.019807374104857445,0.4151090085506439,0.5650836229324341
browsing fast but before download its doing re direct and suggest an other app.,positive,neutral,0.7447329759597778,0.08679015189409256,0.7447329759597778,0.1684769093990326
please fix as soon as <url> cannot send message n dont have received feeds,negative,neutral,0.49851757287979126,0.39541345834732056,0.49851757287979126,0.1060689315199852
too many ads dude,negative,neutral,0.5512515902519226,0.3445126414299011,0.5512515902519226,0.10423572361469269
through this app i get amazing deals,positive,positive,0.7374085187911987,0.04832811281085014,0.21426334977149963,0.7374085187911987
very helpful & useful for media <url>,positive,positive,0.7612042427062988,0.0260829646140337,0.21271280944347382,0.7612042427062988
very helpful the apps,positive,positive,0.7598481178283691,0.02642200142145157,0.2137298285961151,0.7598481178283691
update screwed the app over,negative,negative,0.8995580077171326,0.8995580077171326,0.0816820040345192,0.018759898841381073
i love the variety of fashion styles this app offers. really digging on the poses & emotion statements. emoji id me. a ok,positive,positive,0.7555994987487793,0.03233088552951813,0.21206967532634735,0.7555994987487793
except advertising everything is fine,positive,neutral,0.5573213696479797,0.05817369744181633,0.5573213696479797,0.3845050036907196
does what it's meant to do,positive,neutral,0.5465764999389648,0.099757619202137,0.5465764999389648,0.353665828704834
it's bad browsing with opera,positive,negative,0.7261788845062256,0.7261788845062256,0.2316628247499466,0.04215827211737633
storm warnings are behind. weather warnings just seams to be behind,neutral,neutral,0.6124051213264465,0.2549465298652649,0.6124051213264465,0.13264840841293335
not really but they had an annoying notification getting me to rate the app so,negative,neutral,0.7600181102752686,0.06832697987556458,0.7600181102752686,0.1716548502445221
was better before they started messing with it. but still a bit of silly fun,neutral,neutral,0.6901418566703796,0.05010589584708214,0.6901418566703796,0.2597523033618927
can no longer save locations.,neutral,negative,0.7970449328422546,0.7970449328422546,0.1718054711818695,0.031149540096521378
"i use to like this app. but now the radar animation don't work,and i use to like that. i see it doesn't work for other people either sence the upgrade.",negative,negative,0.5827012658119202,0.5827012658119202,0.35984304547309875,0.05745565518736839
it works but thats it,neutral,neutral,0.7366591691970825,0.0700736716389656,0.7366591691970825,0.19326713681221008
"next update have any problems after i'm updates its say bbm not responding, and refresh page is take a long time, maybe <number> minutes, why the hell??",neutral,negative,0.8068794012069702,0.8068794012069702,0.16305412352085114,0.030066488310694695
"just downloaded it, and haven't had the chance to use it much.",positive,negative,0.74834805727005,0.74834805727005,0.21516887843608856,0.03648311272263527
inferior to the ios version.,neutral,neutral,0.5999091267585754,0.27940717339515686,0.5999091267585754,0.1206836849451065
"this app just simply doesnt care if i have allowed the data access or not. despite completely stopping the access to mobile data and wifi, it still runs in the background, connects with the internet and receives the texts. extremely intrusive and not something to have installed on your phone. if this is how it behaves, then it can't be trusted. uninstalled.",negative,negative,0.9020510911941528,0.9020510911941528,0.07793154567480087,0.020017342641949654
quick booking. many options.,positive,positive,0.5748100876808167,0.024791676551103592,0.4003981947898865,0.5748100876808167
can't jump to pages. up arrow disappears. at least make it optional for up arrow to stay visible all the time. just plain out aggregating to use.,negative,neutral,0.5300336480140686,0.40007779002189636,0.5300336480140686,0.06988854706287384
very lag and make my phone so slow,negative,neutral,0.6667779088020325,0.22982777655124664,0.6667779088020325,0.10339434444904327
useful and stable application <signature>,positive,positive,0.7489072680473328,0.02491280995309353,0.226179838180542,0.7489072680473328
overall a good app fast downloading and <signature>,positive,positive,0.7230434417724609,0.018817836418747902,0.2581387758255005,0.7230434417724609
good place to work in groups,positive,positive,0.6611768007278442,0.01826373301446438,0.3205595016479492,0.6611768007278442
good application. but needs some improvement,positive,neutral,0.5148550271987915,0.019130881875753403,0.5148550271987915,0.4660140872001648
good app but to much fake news and add,negative,neutral,0.612739086151123,0.029828082770109177,0.612739086151123,0.3574328124523163
cool idea with severe (ironic) bug,positive,neutral,0.664021372795105,0.12363199144601822,0.664021372795105,0.21234658360481262
this app are clearing all data,neutral,negative,0.819026529788971,0.819026529788971,0.14487773180007935,0.03609573096036911
good for a waytomake moneyon the side,neutral,positive,0.5107758045196533,0.02790241315960884,0.46132174134254456,0.5107758045196533
it is very nice app,neutral,positive,0.7180160880088806,0.021033402532339096,0.2609504759311676,0.7180160880088806
"best editing software. ui is easy , but please remove the trial",positive,neutral,0.7265383005142212,0.04248690977692604,0.7265383005142212,0.23097474873065948
not visible in app tray!,positive,negative,0.5183539390563965,0.5183539390563965,0.4098542332649231,0.07179181277751923
the only thing i would do different is make this available on facebook i can't access it for my posts. had to uninstall and reinstall as it stopped working.,neutral,negative,0.8984403610229492,0.8984403610229492,0.08178293704986572,0.019776685163378716
"would have been a perfect app excet for the fact that you cant insert the icon into your current text, but have to start a new one(text) <url> , and with every icon!",neutral,neutral,0.48213720321655273,0.055558379739522934,0.48213720321655273,0.46230438351631165
some issues in confirming the booking.,neutral,neutral,0.6863114833831787,0.11981190741062164,0.6863114833831787,0.19387657940387726
pls also cover news of intl. importance,neutral,neutral,0.4244798719882965,0.177196204662323,0.4244798719882965,0.3983238637447357
very easy to navigate,positive,positive,0.7215871810913086,0.02374083921313286,0.2546720504760742,0.7215871810913086
won't stop shutting down. reported several times,negative,negative,0.8662956953048706,0.8662956953048706,0.11439071595668793,0.019313640892505646
easy and very helpful,positive,positive,0.7794381380081177,0.02532258629798889,0.19523930549621582,0.7794381380081177
"there is a problem, at least in this version, each time i try to view an already downloaded city guide while i'm online, always displays the search page for hotels <url>",neutral,neutral,0.6561358571052551,0.1748112142086029,0.6561358571052551,0.16905294358730316
i am just downloading the app after completion i'll increase or decrease the rating based on the app performance,neutral,neutral,0.5511582493782043,0.31948739290237427,0.5511582493782043,0.1293543577194214
"notif now okay, ads still not ok",positive,neutral,0.5248810052871704,0.3938724994659424,0.5248810052871704,0.08124656230211258
"great app, too bad i'm on android.",positive,positive,0.5037076473236084,0.09381049126386642,0.4024818539619446,0.5037076473236084
"it's is very effective app , but it takes too much time in opening",neutral,neutral,0.6339223980903625,0.0230289027094841,0.6339223980903625,0.34304875135421753
same bad it is good for search and for download but it is no to much good when i open uc browser on it home sreen or default and not save language option for my side not good,neutral,neutral,0.7567930817604065,0.1073455810546875,0.7567930817604065,0.1358613520860672
not good for me,negative,neutral,0.6352840065956116,0.25630155205726624,0.6352840065956116,0.10841447860002518
it's good for few days later it is not working well,neutral,neutral,0.7006721496582031,0.02653057500720024,0.7006721496582031,0.2727973163127899
"keeps crashing. really looked fwd to checking it out, but crashes all the time. the few times it worked the timer got messed <url> work it out!",neutral,negative,0.7348032593727112,0.7348032593727112,0.22933819890022278,0.035858530551195145
the worst - yet the only <url> ckck,negative,negative,0.8408690690994263,0.8408690690994263,0.12956002354621887,0.02957095205783844
i love this app!it really helped me! devs keep on fixing and constantly improving on the app. worth any all in app purchases (which are very cheap btw). just missing a widget! &lt;/ <number>,negative,positive,0.6649067997932434,0.050201527774333954,0.28489163517951965,0.6649067997932434
my bbm very slow .. what happen ??,negative,negative,0.5352009534835815,0.5352009534835815,0.40126582980155945,0.0635332316160202
i like booking in my computer,neutral,positive,0.6888710260391235,0.03208935260772705,0.2790396213531494,0.6888710260391235
i like this app,positive,positive,0.7210229635238647,0.03429827466607094,0.24467876553535461,0.7210229635238647
can't do or find anything on the app,negative,neutral,0.47663331031799316,0.4537014365196228,0.47663331031799316,0.06966520845890045
why open raw files ?,positive,neutral,0.5862387418746948,0.26874858140945435,0.5862387418746948,0.14501261711120605
"all but useless in europe. slow to update and most features just don't work here at all. added a daily weather report, great! oh wait, it describes only one <url>",negative,negative,0.8705633282661438,0.8705633282661438,0.10522749274969101,0.024209195747971535
something very wrong with the app,negative,negative,0.8383334875106812,0.8383334875106812,0.130766823887825,0.030899692326784134
iterate this app more then ads,negative,neutral,0.5231122970581055,0.2631915807723999,0.5231122970581055,0.21369613707065582
old seen should not repeat please,neutral,negative,0.5023747682571411,0.5023747682571411,0.41509461402893066,0.08253061026334763
great app for traveling,positive,positive,0.7736270427703857,0.038588058203458786,0.18778489530086517,0.7736270427703857
was so great <url> but <url>,negative,neutral,0.653577983379364,0.16505677998065948,0.653577983379364,0.18136528134346008
it's a nice app,positive,positive,0.7209662795066833,0.01805070787668228,0.2609829902648926,0.7209662795066833
i love this service,positive,positive,0.7566584944725037,0.046822335571050644,0.1965191811323166,0.7566584944725037
larry delaney like it,neutral,positive,0.6279808878898621,0.0472237803041935,0.32479527592658997,0.6279808878898621
not working with google messenger,neutral,negative,0.7167834639549255,0.7167834639549255,0.2309156358242035,0.05230087786912918
"i am enjoying the app very much, it was recommended by my nephew and it is everything that he said it would be!!",positive,positive,0.7732232809066772,0.032982002943754196,0.19379475712776184,0.7732232809066772
really only works with small documents and even then runs into freezes on motorola droid. no page jump which for books is necessary,negative,neutral,0.5755001902580261,0.33841824531555176,0.5755001902580261,0.08608154952526093
"i used to really love this app until it started killing my trees just for receiving a notification that i hadn't opened yet. advanced detection is not on. may as well turn the phone off, but i use it for music.",negative,negative,0.5383396744728088,0.5383396744728088,0.40204161405563354,0.05961872264742851
crashes immediately after startup - can't use it!,negative,negative,0.8813872933387756,0.8813872933387756,0.09663420915603638,0.021978404372930527
can't login to bbm,negative,negative,0.5152573585510254,0.5152573585510254,0.41919589042663574,0.06554673612117767
an very much useful application,positive,positive,0.7177287936210632,0.026205647736787796,0.25606557726860046,0.7177287936210632
works great except a few things,positive,positive,0.6957482695579529,0.035388559103012085,0.26886317133903503,0.6957482695579529
"<salutation> awful interface lacking any true customisation, yet another chat app that brings nothing new to the table and steals ideas from discord, an exercise in reinventing the wheel which hasn't been updated in years and crashes all the time. also i wouldn't trust this app if you value your privacy. avoid like the plague.",negative,negative,0.8776759505271912,0.8776759505271912,0.10024692863225937,0.022077182307839394
good for editing bad for storage,neutral,neutral,0.6488958597183228,0.03984008729457855,0.6488958597183228,0.3112640678882599
"it's <url> only downside is can't make just any emotion, but overall great",positive,positive,0.72312992811203,0.02004176937043667,0.2568283677101135,0.72312992811203
used to work . please fix,negative,negative,0.8431114554405212,0.8431114554405212,0.13401250541210175,0.022876005619764328
it would be great if there's a feature where i can sort my files in folders because it is irritating to find a certain file in my sea of different subjects.,positive,positive,0.5183582305908203,0.021819522604346275,0.45982223749160767,0.5183582305908203
one thing that uc devs definitely do is to remove ads and news <url> page is annoying if we want to read then will go in news site,negative,neutral,0.6045794486999512,0.23117290437221527,0.6045794486999512,0.16424764692783356
nice to be back,positive,positive,0.664853036403656,0.022388067096471786,0.3127589225769043,0.664853036403656
"in all, we have to check this.",neutral,neutral,0.4549326002597809,0.1732826828956604,0.4549326002597809,0.3717847466468811
freezes on some files,neutral,neutral,0.6082084774971008,0.2980680465698242,0.6082084774971008,0.09372346848249435
cannot save progress without spending money.,negative,negative,0.625566303730011,0.625566303730011,0.319137841463089,0.0552959144115448
greatly helpful. i like it,positive,positive,0.7828076481819153,0.02762901969254017,0.18956336379051208,0.7828076481819153
can't even spell sydney right,negative,negative,0.7519679665565491,0.7519679665565491,0.2137032151222229,0.03432886675000191
can't even create an account,negative,negative,0.8826116919517517,0.8826116919517517,0.0975915864109993,0.01979668252170086
nice app but you put extra features in this app but app is good,neutral,neutral,0.5323788523674011,0.02018670365214348,0.5323788523674011,0.4474344551563263
"good, but better without all those ads like other free messengers such as whatsapp, telegram, etc",neutral,neutral,0.6612206697463989,0.026896288618445396,0.6612206697463989,0.31188303232192993
wow. useless. hated it. <number> stars. (if i <url> ),negative,negative,0.9361819624900818,0.9361819624900818,0.04875154048204422,0.015066481195390224
"bloated, glorified chat. i use it because my company obliges me to do so.",negative,negative,0.7493575215339661,0.7493575215339661,0.2017986923456192,0.048843830823898315
it dors ansolutely nothing. wastef my time!,negative,negative,0.9113163948059082,0.9113163948059082,0.07149969041347504,0.017183929681777954
superb editing in this,neutral,positive,0.7701635956764221,0.03190033510327339,0.1979360580444336,0.7701635956764221
"generally very good & helpful, with some good prices. free cancellation option is extremely useful.",positive,positive,0.7269492745399475,0.018639490008354187,0.2544112801551819,0.7269492745399475
"the ""i'm listening to"" <url>",positive,neutral,0.4656064510345459,0.23333267867565155,0.4656064510345459,0.30106091499328613
"solid app, but lacking in the tablet ux area",positive,neutral,0.7703428268432617,0.05887307599186897,0.7703428268432617,0.1707840859889984
let people to create more characters,neutral,neutral,0.568695604801178,0.07287757843732834,0.568695604801178,0.3584268093109131
app is good brower is so fast but news section in uc brower is the worst thing in the world,neutral,neutral,0.729281485080719,0.1154671385884285,0.729281485080719,0.15525135397911072
"it is good easy to use , but why i have to download opera browser to download any videos from uc browser please fix this problem .",neutral,neutral,0.6789951324462891,0.028686648234725,0.6789951324462891,0.2923181653022766
it worked better before the <url> anything posted is hard to see and get to.,neutral,neutral,0.5385015606880188,0.37521329522132874,0.5385015606880188,0.08628513664007187
can't apply for instagram. please updated,neutral,negative,0.49070775508880615,0.49070775508880615,0.4247643053531647,0.0845278799533844
image size goes from <number> mb to <number> kb else fine.,neutral,neutral,0.732437789440155,0.06874267011880875,0.732437789440155,0.19881948828697205
please enable apps <number> sd immediately. <signature>,negative,neutral,0.5592760443687439,0.1961653232574463,0.5592760443687439,0.24455861747264862
like the app but the don't update rainfall very often.,positive,neutral,0.678931713104248,0.04486146941781044,0.678931713104248,0.2762068510055542
i liked <url> the size of this app is <url> is better,positive,positive,0.5476731657981873,0.05361822992563248,0.39870861172676086,0.5476731657981873
this app is extremely bloated. for the functionality provided it should fit within <number> mb without issues.,negative,neutral,0.6072070598602295,0.26586225628852844,0.6072070598602295,0.12693065404891968
half assed. uninstall! droid ally,negative,negative,0.9297325015068054,0.9297325015068054,0.05505424737930298,0.015213214792311192
quite nice - would be useful to edit posts from mobile,positive,positive,0.6576807498931885,0.019138406962156296,0.3231808543205261,0.6576807498931885
app <number> f. temp <number> f,negative,neutral,0.49731093645095825,0.3180045783519745,0.49731093645095825,0.18468451499938965
too many update it's annoying,neutral,neutral,0.6843758821487427,0.1890716850757599,0.6843758821487427,0.12655247747898102
not responding to phone calls or emails. no customer service at all.,negative,negative,0.6642674207687378,0.6642674207687378,0.27808263897895813,0.05764995515346527
thanks for fixing the problem,negative,positive,0.5949569940567017,0.036826588213443756,0.3682164251804352,0.5949569940567017
room rate at times is misleading subject to additional charges,neutral,neutral,0.7157438397407532,0.16296422481536865,0.7157438397407532,0.12129191309213638
access to files/photos/media,negative,neutral,0.5760449767112732,0.2078183889389038,0.5760449767112732,0.21613670885562897
"best messaging app, not so great for file sharing though",positive,neutral,0.6710869073867798,0.03548498451709747,0.6710869073867798,0.29342812299728394
they want to much access,neutral,neutral,0.5028163194656372,0.37879127264022827,0.5028163194656372,0.11839240044355392
"would love more clothing choices, glasses and skin tones.",neutral,positive,0.6686261296272278,0.022492384538054466,0.3088814914226532,0.6686261296272278
line freecall is better than bbm freecall,neutral,neutral,0.644734799861908,0.1556597352027893,0.644734799861908,0.19960546493530273
this app very nice & use very easy,neutral,positive,0.7688028812408447,0.02337832562625408,0.20781877636909485,0.7688028812408447
make the dp full hd,neutral,neutral,0.6106284260749817,0.08238508552312851,0.6106284260749817,0.3069865107536316
good if it doesn't has annoying news banners,positive,neutral,0.6557894349098206,0.026806769892573357,0.6557894349098206,0.31740379333496094
please make the lite variant of this app for smartphones with less storage.,negative,neutral,0.5707830786705017,0.11072646826505661,0.5707830786705017,0.31849047541618347
age group <number> to <number> years old,negative,neutral,0.5168288350105286,0.281958669424057,0.5168288350105286,0.20121251046657562
takes a lot of space,negative,neutral,0.6729811429977417,0.19642935693264008,0.6729811429977417,0.13058947026729584
trible app. ui is horrible.,negative,negative,0.8823695778846741,0.8823695778846741,0.09743709117174149,0.020193303003907204
loved the app very much,positive,positive,0.6554685831069946,0.07842561602592468,0.2661057710647583,0.6554685831069946
this bbm is not working on my galaxy s <number> edge why,neutral,negative,0.779168426990509,0.779168426990509,0.18645407259464264,0.034377552568912506
it's great <url>,neutral,positive,0.7596023678779602,0.033059246838092804,0.2073383927345276,0.7596023678779602
where is option for timer,negative,neutral,0.7003884315490723,0.09828802943229675,0.7003884315490723,0.2013235092163086
well not. so good work but. some what.,neutral,neutral,0.7591907978057861,0.04476182907819748,0.7591907978057861,0.1960473358631134
this could be great <url>,neutral,neutral,0.5208759307861328,0.053646743297576904,0.5208759307861328,0.4254772663116455
take too much space or ram to run,neutral,neutral,0.7182289958000183,0.14777489006519318,0.7182289958000183,0.13399605453014374
very useful. ive used the app many times in the last few years. hv even referred others by telling them directly. wish full address address of property could be included even before booking. thats my only complaint.,positive,positive,0.6933833956718445,0.02326151728630066,0.2833550274372101,0.6933833956718445
i love it but she doesn't look like me after making so many changes!!,positive,positive,0.6097767353057861,0.044367045164108276,0.3458562195301056,0.6097767353057861
"it's ok, but since it appears to have basic reflow why can't we have white text on black background to save battery?",neutral,neutral,0.7774491310119629,0.033851027488708496,0.7774491310119629,0.18869982659816742
great!!! amazing tool for textbooks in pdf <url> i use it on my lenovo tab <number> <number> plus and it works awesome. most of my medical textbooks converted in pdf run absolutely fine with this app.,positive,positive,0.7846122980117798,0.03554802015423775,0.17983968555927277,0.7846122980117798
bothering me for a rating,neutral,neutral,0.5599355101585388,0.3167889714241028,0.5599355101585388,0.12327556312084198
it works great until you need to use another app. even when i whitelist apps my tree still withers,neutral,positive,0.5046623945236206,0.03961557894945145,0.45572203397750854,0.5046623945236206
good weather overview. occasionally buggy (no pun intended).,positive,positive,0.5749353766441345,0.022673238068819046,0.4023914039134979,0.5749353766441345
when it works is great,neutral,neutral,0.5979629158973694,0.15224453806877136,0.5979629158973694,0.24979260563850403
radar map doesnt work at all since last update. please fix and get <number> stars,negative,negative,0.9051949381828308,0.9051949381828308,0.07820609956979752,0.01659896783530712
"how do i use on facebook,?",negative,neutral,0.5185502767562866,0.23014917969703674,0.5185502767562866,0.251300573348999
used to be my favorite app,negative,negative,0.85626620054245,0.85626620054245,0.12328767776489258,0.020446065813302994
its all good except for one thing.,neutral,neutral,0.5515460968017578,0.017390908673405647,0.5515460968017578,0.4310630261898041
to good to be true,positive,neutral,0.476772278547287,0.09397520869970322,0.476772278547287,0.4292525053024292
this app is useful for me,positive,positive,0.7033140659332275,0.023406272754073143,0.27327972650527954,0.7033140659332275
"only worked for a day, then the app would never open and kept saying there was a error. uninstalled the re-installed <number> times never worked again",negative,negative,0.9235571622848511,0.9235571622848511,0.06088376045227051,0.015559092164039612
not able to open pdf's downloaded to sd <url>,negative,neutral,0.5143131613731384,0.3911958336830139,0.5143131613731384,0.09449096769094467
slow and crashes dinc v <number> . <number>,negative,neutral,0.4942034184932709,0.42664477229118347,0.4942034184932709,0.07915178686380386
"easy to use, fairly accurate!",positive,positive,0.7735505700111389,0.02266913279891014,0.20378033816814423,0.7735505700111389
its a usefull app for informal office communication.,positive,positive,0.762153685092926,0.022667160257697105,0.2151791900396347,0.762153685092926
"facebook face detection doesn't work, so you have to start from scratch. also not enough selection to choose from.",neutral,neutral,0.47827786207199097,0.4454312026500702,0.47827786207199097,0.07629095017910004
more than one and add more stuff. (stuff to make the avatar),neutral,positive,0.544189989566803,0.053754519671201706,0.4020554721355438,0.544189989566803
i can't play it that sucks,negative,negative,0.7964059710502625,0.7964059710502625,0.17377133667469025,0.029822681099176407
crashes during import htc one m <number>,negative,negative,0.7227311730384827,0.7227311730384827,0.2267882227897644,0.05048056319355965
does exactly what it says. i like it.,positive,positive,0.7582863569259644,0.026313234120607376,0.21540044248104095,0.7582863569259644
i think this app is good,positive,positive,0.5426931381225586,0.02588842809200287,0.43141835927963257,0.5426931381225586
great app. free cancellation should be indicated per hotel before booking.,positive,positive,0.6964220404624939,0.05250370502471924,0.25107425451278687,0.6964220404624939
"it's great for pdf, i only wish it supported other book formats like epub or mobi",positive,positive,0.753814160823822,0.02232048474252224,0.22386540472507477,0.753814160823822
"stopped working and deleted everything after a week, pretty poor i'd say",negative,negative,0.8536493182182312,0.8536493182182312,0.12142505496740341,0.024925649166107178
"a couple days ago, started telling me it can't attatch the emoji to my texts, that just stinks! i have a galaxys <number>",negative,negative,0.8426958918571472,0.8426958918571472,0.13518446683883667,0.0221196748316288
overall very useful app. i only don't like the fact that also sold-out hotels are shown. can be quite frustrating.,positive,positive,0.6297346949577332,0.020662536844611168,0.34960272908210754,0.6297346949577332
works well. it could have been better if approximate dates were allowed in search form.,positive,positive,0.5537960529327393,0.022430621087551117,0.4237733781337738,0.5537960529327393
still not as good as it could be!,neutral,neutral,0.6885598301887512,0.18681326508522034,0.6885598301887512,0.12462697178125381
for more information about this review go to <url>,negative,neutral,0.5423208475112915,0.20277531445026398,0.5423208475112915,0.2549038827419281
its been <number> years im using uc browser i gave a feedback that in uc browser we can't download videos directly to sd <url> have given a feedback about this past <number> years back but still uc team have not sloved my <url> service i request google team to please remove this uc browser from google <url> dnt need this kind of careless team ..,negative,negative,0.8308774828910828,0.8308774828910828,0.14293277263641357,0.026189714670181274
awesome app to find any <url> it,positive,positive,0.7770683169364929,0.031024714931845665,0.19190695881843567,0.7770683169364929
ok permissions fix. i've updated and given back two of the four stars i'd dropped.,neutral,neutral,0.7110218405723572,0.08959910273551941,0.7110218405723572,0.1993790566921234
i love the idea but can we get a weekly forest too?? that would be quite motivating!,neutral,positive,0.6741514205932617,0.022916775196790695,0.3029317557811737,0.6741514205932617
it's very good for edit photos and make photos and make a design of any things,positive,positive,0.737030565738678,0.019023770466446877,0.24394561350345612,0.737030565738678
"i really love the lightroom software for laptops and other devices, but i don't find the app really convincing when compared to the software as you just miss so many options in the app",neutral,neutral,0.6325312256813049,0.04326247796416283,0.6325312256813049,0.32420629262924194
"latest version is <number> . <number> . <number> , last updated on <number> th september <number> . uninstalled as abandoned. desktop is already at <number> . <number> .",negative,negative,0.9160414934158325,0.9160414934158325,0.06582009792327881,0.018138470128178596
just click the back button and my tree will still <url> and i don't think i have the whitelist edit- i think your tree only dies when you open another app that isn't on your whitelist or else the list is <url> am i wrong?,positive,negative,0.5274132490158081,0.5274132490158081,0.39826396107673645,0.07432284206151962
adobe products are awsome,positive,neutral,0.5603393316268921,0.19172786176204681,0.5603393316268921,0.2479327768087387
latest update fails to install with 'unknown reason - <number> ',neutral,negative,0.7390673160552979,0.7390673160552979,0.21952490508556366,0.04140779376029968
"the app syncs messages too slowly and marking messages as ""read"" is buggy.",neutral,neutral,0.7414229512214661,0.11500471830368042,0.7414229512214661,0.1435723900794983
"great service, terrible app. the app doesn't seem work with mobile internet which makes it mostly useless.",negative,negative,0.9269327521324158,0.9269327521324158,0.05763079971075058,0.015436477959156036
now <number> % harder to use,negative,neutral,0.5288302898406982,0.36840707063674927,0.5288302898406982,0.10276257991790771
marginal but still better than others i have tried.,neutral,neutral,0.7283293604850769,0.042968276888132095,0.7283293604850769,0.22870229184627533
the app doesn't provide multiple tabs at a time. it would be great if its possible.,positive,neutral,0.4964783787727356,0.02443268708884716,0.4964783787727356,0.4790888726711273
good app and uesfull,negative,positive,0.7052792906761169,0.026724258437752724,0.2679964601993561,0.7052792906761169
only hate the <url>,positive,negative,0.5238035917282104,0.5238035917282104,0.35811564326286316,0.11808072775602341
"i was using it every day and i think it was brilliant, even upgraded to paid version but since last update i haven't been able to access it at all as it keeps crashing. please fix it.",neutral,neutral,0.5738649964332581,0.31258848309516907,0.5738649964332581,0.11354654282331467
wont work for saml integration,neutral,negative,0.9039400815963745,0.9039400815963745,0.07949909567832947,0.016560757532715797
good but ads are annoying,neutral,neutral,0.651035487651825,0.02386373095214367,0.651035487651825,0.32510077953338623
"app works fine, but it is very disappointing that there is no possibility to just use the map to find available accommodation. you always have to fill a place to search, but mostly i just want to browse and see what's available, regardless of the location.",neutral,neutral,0.684772789478302,0.024982819333672523,0.684772789478302,0.29024437069892883
worst app and if it is install u r phone become a virus attack,negative,negative,0.8719173669815063,0.8719173669815063,0.10525372624397278,0.022828878834843636
not what i'd expect from the creators,neutral,neutral,0.6114623546600342,0.2919057607650757,0.6114623546600342,0.09663187712430954
"won't leave my facebook, like a <url>",negative,negative,0.9003937840461731,0.9003937840461731,0.08403719216585159,0.015569022856652737
ads is an inconvenient thing so far,positive,negative,0.5647052526473999,0.5647052526473999,0.3758871853351593,0.059407562017440796
"i like the interface , it's really good. for me, i feel it would be nice to have a look up option when we right-click on words . it's functionality is to link up words to our dictionary apps. <signature>",positive,positive,0.7071956992149353,0.01765562780201435,0.27514874935150146,0.7071956992149353
good but many <url>,positive,neutral,0.6463894248008728,0.029263265430927277,0.6463894248008728,0.3243473172187805
requires photos to be imported into lightroom. i know this has how the desktop version but wish the mobile version was faster and easier to use.,neutral,neutral,0.6710034012794495,0.03585147485136986,0.6710034012794495,0.29314514994621277
miss tabs to move between open docs. otherwise is fab.,positive,neutral,0.647549033164978,0.1753428876399994,0.647549033164978,0.1771080046892166
"they stole from me i wanted a refund and because the manager of the hotel i chose treated me indifferently all because i wasn't <number> and so i emailed their "" <number> hour customer service"" and never got helped. lost $ <number> . don't use this app it is a trap.",negative,negative,0.9202486276626587,0.9202486276626587,0.06441938132047653,0.015332014299929142
my ag fans love the photos i do,positive,positive,0.7447871565818787,0.047702666372060776,0.2075101137161255,0.7447871565818787
this app would be perfectly awesome if it worked with the keyboard on my tablet so that i could use it in facebook when i <url> without white backgrounds,neutral,positive,0.6874337196350098,0.026709187775850296,0.28585711121559143,0.6874337196350098
"why my friends can retract or delete their messages, while i can't? i don't know what bb phone or android they have.",neutral,neutral,0.5787925720214844,0.2644669711589813,0.5787925720214844,0.1567404717206955
it sucks non free things to choose from,negative,negative,0.8855544924736023,0.8855544924736023,0.09550020098686218,0.01894535683095455
this is very good app for downloading,positive,positive,0.7264481782913208,0.02043219283223152,0.25311964750289917,0.7264481782913208
not accurate information all the time,neutral,neutral,0.7334058880805969,0.13816484808921814,0.7334058880805969,0.12842920422554016
cannot show my reserved bookings,negative,negative,0.46553680300712585,0.46553680300712585,0.4545632600784302,0.07989995181560516
i love this app,positive,positive,0.7437717914581299,0.04723789170384407,0.20899036526679993,0.7437717914581299
my company forces me to use this app.,neutral,negative,0.886040210723877,0.886040210723877,0.0909377858042717,0.023021936416625977
it's hard to cancel a booking when <url> to use,neutral,neutral,0.7345395684242249,0.1359443962574005,0.7345395684242249,0.12951602041721344
won't open email attachments,negative,negative,0.8709920644760132,0.8709920644760132,0.10895159095525742,0.020056400448083878
couldn't find a better suited search app. compliments to the team. trivago couldn't find these many options.,positive,negative,0.5500967502593994,0.5500967502593994,0.3930778205394745,0.056825459003448486
"simple to use, don't seem to be able to see complete booking information",positive,positive,0.4892352223396301,0.040809959173202515,0.46995481848716736,0.4892352223396301
absolutely one of the <signature>,positive,positive,0.7870017886161804,0.03779098019003868,0.1752072125673294,0.7870017886161804
i like the reading mode specially. but sometimes it crashes.,positive,neutral,0.6513659358024597,0.03844838961958885,0.6513659358024597,0.31018564105033875
sounds and digital mixer cansol,positive,neutral,0.4535098373889923,0.1489817202091217,0.4535098373889923,0.3975084722042084
"lacks a lot of basic features such as bookmarks and ""goto page"". thinkoffice does a better job.",negative,neutral,0.7682974934577942,0.08750690519809723,0.7682974934577942,0.1441955417394638
much better than asana,positive,neutral,0.5323418378829956,0.07708579301834106,0.5323418378829956,0.39057233929634094
better on my windows phone,negative,neutral,0.5831669569015503,0.10303695499897003,0.5831669569015503,0.3137960731983185
it's good but always show on screen when i switch on my home screen,neutral,neutral,0.5933811068534851,0.019315626472234726,0.5933811068534851,0.38730329275131226
this app is my go to when i need to know about the weather.,positive,positive,0.6025775671005249,0.07623887062072754,0.32118359208106995,0.6025775671005249
"okay but not great, and not really improving",neutral,neutral,0.7746435403823853,0.06473219394683838,0.7746435403823853,0.16062425076961517
it should have pause option,neutral,neutral,0.7318524122238159,0.063872791826725,0.7318524122238159,0.2042747586965561
"all is good in this app except i couldn't see any hdr option while clicking photos, may be since i use oneplus one, which also has high processing power and advanced chipset enough to support this app. so they should support many more devices like this! hope the support arrives in next update itself.",neutral,positive,0.5439134836196899,0.022497069090604782,0.4335894286632538,0.5439134836196899
"professional app , useful for office purpose , easily connect to office by mobile but too much heavy unable to send messages on slow network.",positive,neutral,0.5693708658218384,0.0275043286383152,0.5693708658218384,0.4031248092651367
update is not starting after clicking on update button,negative,neutral,0.5130425095558167,0.39957913756370544,0.5130425095558167,0.08737829327583313
hate it since the update,negative,negative,0.8796027898788452,0.8796027898788452,0.09959427267313004,0.020802948623895645
tired of getting ripped off.,negative,neutral,0.5153692364692688,0.3968469202518463,0.5153692364692688,0.0877838060259819
had to sleep in the truck!,negative,negative,0.8635506629943848,0.8635506629943848,0.1149153858423233,0.021533997729420662
radar stopped working. i would've given <number> star rating if it worked.,negative,negative,0.8574010729789734,0.8574010729789734,0.12011843174695969,0.02248048409819603
worst experience in goa,negative,negative,0.9147642850875854,0.9147642850875854,0.0680687427520752,0.01716695912182331
like it because it syncs better,positive,positive,0.6022629737854004,0.030093394219875336,0.3676435947418213,0.6022629737854004
i can connect to my friends.,positive,positive,0.5432997941970825,0.0512344054877758,0.4054657816886902,0.5432997941970825
i love this app,negative,positive,0.7437717914581299,0.04723789170384407,0.20899036526679993,0.7437717914581299
fantastic app for downloading and easy to use,positive,positive,0.7828301191329956,0.024231983348727226,0.19293786585330963,0.7828301191329956
"unable to change alert sound. not in options. unable to enable alerts per channel, on all or keywords and direct. closer to a beta than an app.",negative,neutral,0.5918605923652649,0.30674001574516296,0.5918605923652649,0.10139933228492737
so much fun! makes people laugh.,positive,positive,0.7046234011650085,0.04135522618889809,0.2540213167667389,0.7046234011650085
similar to all other photo editing apps. doesn't stand out from ythe rest.,neutral,neutral,0.5658162236213684,0.35388830304145813,0.5658162236213684,0.08029544353485107
the quality of display picture is so bad,neutral,negative,0.6832849979400635,0.6832849979400635,0.26761573553085327,0.049099307507276535
this app is very fast,neutral,positive,0.6216068267822266,0.04329856112599373,0.3350946009159088,0.6216068267822266
dear friends do not install this browser. this browser is pathrtic <url> will ads and ads on this .really annoying,negative,negative,0.8412949442863464,0.8412949442863464,0.13473336398601532,0.023971712216734886
please fix so i can type!,negative,neutral,0.5439022779464722,0.17916956543922424,0.5439022779464722,0.27692821621894836
able to provide sufficent info regarding hotel that want to be rent,positive,neutral,0.614566445350647,0.07139277458190918,0.614566445350647,0.31404078006744385
they make you pay to create an account!! this is outrageous.,negative,negative,0.9239165782928467,0.9239165782928467,0.05909602344036102,0.016987519338726997
"it's a great concept for assosiating a reward to focus for those of us who struggle; however, my tree withers when someone phones me and i don't answer which is obviously a piss off.",positive,neutral,0.513215959072113,0.035204026848077774,0.513215959072113,0.4515800476074219
really a very good app,positive,positive,0.7381386756896973,0.02416490949690342,0.23769646883010864,0.7381386756896973
awesome app! it will be better if you sync all your timers on your phones and chrome/mozilla extension. because i have to start to plant on my <number> phones and my browers when i'm working when you can do it just once and all your timers will start automatically. i hope you do it!,positive,positive,0.765449583530426,0.03005565144121647,0.20449469983577728,0.765449583530426
this app is very nice,positive,positive,0.6979714035987854,0.0248017106205225,0.27722686529159546,0.6979714035987854
"this app is super cute! my only complaint is that there is no piercing section! i have <number> piercings and would really like to at least have a nose ring! or maybe earrings? also think you should be able to customize outfits, like pick a shirt, bottoms, and shoes! instead of just the premade outfits.",positive,positive,0.7541807889938354,0.02366366609930992,0.22215554118156433,0.7541807889938354
"app is okay but has superfluous things that i will never use. including every option is okay but the ideal app would allow for complete customization of components and page information that is pertinent to the user and where they are located. additionally, collecting metrics on what users actually use versus what is weak allows for improved development of the weaker app areas. that said, i have used this app for a long time with little cause for complaint.",neutral,neutral,0.5725309252738953,0.022630207240581512,0.5725309252738953,0.404838889837265
could you please add an option for exporting photos using the png format? it would be very handy.,neutral,positive,0.6283674240112305,0.020765304565429688,0.35086730122566223,0.6283674240112305
i like the reflow feature. but useless for me as i can't search nor skip to a specific page (have to scroll through entire books),negative,neutral,0.7426317930221558,0.09969963133335114,0.7426317930221558,0.1576685607433319
"simple yet effective. would be great if the app had more customisation options like moving the plants around, changing the colour etc.",positive,positive,0.648261547088623,0.018015269190073013,0.3337232172489166,0.648261547088623
uc brouser is <signature>,positive,neutral,0.4690299928188324,0.23484085500240326,0.4690299928188324,0.29612913727760315
not starting since last update. please see to it. i gave <number> star so you can quickly check my issue. my phone is note <number> neo n <number>,positive,neutral,0.5116301774978638,0.38077789545059204,0.5116301774978638,0.1075918897986412
doesn't work properly on nova launcher,neutral,negative,0.8462033271789551,0.8462033271789551,0.12572112679481506,0.028075655922293663
"useful, informative and helpful <signature>",positive,positive,0.783702552318573,0.02757687121629715,0.18872053921222687,0.783702552318573
still no floating head!! disappointed,negative,negative,0.7969222068786621,0.7969222068786621,0.1723298579454422,0.03074793331325054
this app sucks now,negative,negative,0.9374091029167175,0.9374091029167175,0.048632025718688965,0.013958911411464214
it can't find my photos,negative,neutral,0.482926607131958,0.4400653541088104,0.482926607131958,0.07700809091329575
what happened to my little shortcut!? or used to stay open in all my messaging <url> now it's gone!!,negative,negative,0.9189139008522034,0.9189139008522034,0.06544505059719086,0.015641003847122192
stable and functional but not totally user friendly.,neutral,neutral,0.7554333209991455,0.04433828219771385,0.7554333209991455,0.20022836327552795
this is good <url>  downloading movies but many. ads are come in between browsing,neutral,neutral,0.6957210898399353,0.02802395261824131,0.6957210898399353,0.27625495195388794
i don't like the company not the app,negative,neutral,0.5463078022003174,0.31717824935913086,0.5463078022003174,0.13651390373706818
"great app but would love to have better clothing styles. maybe peacoats, pencil skirts etc. <signature>",positive,positive,0.6084488034248352,0.024107707664370537,0.3674435317516327,0.6084488034248352
radar map will not move. it hasn't been accurate either.,negative,negative,0.7592617869377136,0.7592617869377136,0.20281019806861877,0.03792805224657059
"simplistic, designed to exceed expectations and overcome limitations.",positive,neutral,0.6925762295722961,0.08432944864034653,0.6925762295722961,0.22309426963329315
<url> sometimes it's gone <url> hate slow,neutral,negative,0.6001314520835876,0.6001314520835876,0.32729145884513855,0.07257707417011261
"i would use it more but i dont like that it has to start a new message, would be better if it would just add to the convo on the screen",neutral,neutral,0.6381477117538452,0.03410252556204796,0.6381477117538452,0.32774975895881653
very bad app. it is forcing to instal. i think it is a virus.,negative,negative,0.9191485047340393,0.9191485047340393,0.06379160284996033,0.017059912905097008
better if no trial period and unlimited use for free,positive,neutral,0.7015758752822876,0.06005999445915222,0.7015758752822876,0.2383641004562378
great but needs presets access,neutral,positive,0.5035759806632996,0.023188507184386253,0.47323551774024963,0.5035759806632996
each time it simply keeps saying that my phone has <url> disgusting,negative,negative,0.8059090375900269,0.8059090375900269,0.16431577503681183,0.029775189235806465
keeps documents in line. i really like this application!,positive,positive,0.7387505173683167,0.03357955440878868,0.22766995429992676,0.7387505173683167
anyone video download stop and very slow download,negative,neutral,0.5488808155059814,0.35769158601760864,0.5488808155059814,0.09342755377292633
used to work but no longer does. writing this review while my is growing :/,neutral,negative,0.6424662470817566,0.6424662470817566,0.3044308125972748,0.053102973848581314
limited options but fun,neutral,neutral,0.6922028064727783,0.033033888787031174,0.6922028064727783,0.274763286113739
would give better but have'nt used much yet,negative,neutral,0.71307772397995,0.04227388650178909,0.71307772397995,0.24464833736419678
"app ok, but temp doesn't update in notification bar",neutral,neutral,0.7908226847648621,0.054003242403268814,0.7908226847648621,0.1551741063594818
no way to redeem tickets.,neutral,negative,0.898151159286499,0.898151159286499,0.07890093326568604,0.022947875782847404
"silly app , it would let me open google while it will kill the plant if i open calculator or dictionary",negative,negative,0.7889368534088135,0.7889368534088135,0.173303484916687,0.037759698927402496
"wow, such a pos!",negative,positive,0.6855251789093018,0.05560855567455292,0.25886622071266174,0.6855251789093018
is a great app but since the update a couple of days ago i can't get radar to work. tried uninstalling and reinstalling but doesn't work.,positive,neutral,0.7232819199562073,0.11542114615440369,0.7232819199562073,0.16129690408706665
"i hate start up with system, i don't use it frequently",negative,negative,0.8108440041542053,0.8108440041542053,0.1592649221420288,0.029891066253185272
push notifications not working,negative,neutral,0.4966960847377777,0.41159331798553467,0.4966960847377777,0.09171062707901001
good combination with acrobat reader. it's quite clear,positive,positive,0.7151201963424683,0.017807062715291977,0.26707276701927185,0.7151201963424683
nice. update it to be more digital. very clear,positive,positive,0.711708664894104,0.023559723049402237,0.26473167538642883,0.711708664894104
nice but sometimes hanging,positive,neutral,0.5376924872398376,0.022559277713298798,0.5376924872398376,0.43974828720092773
still getting to know it,positive,neutral,0.6425912976264954,0.13280954957008362,0.6425912976264954,0.22459906339645386
i use it for reading articles and it's fine. would be useful to be able to open two articles at once for cross reference but otherwise happy with the app,positive,positive,0.6597805023193359,0.01866287924349308,0.32155656814575195,0.6597805023193359
its better than others,neutral,neutral,0.5801836848258972,0.040734030306339264,0.5801836848258972,0.37908226251602173
does not work. in play store not listed as trial .come on adobe you stop down loads from your services now products do not work and listed as free we hen really a trial,negative,negative,0.9275557398796082,0.9275557398796082,0.05686451494693756,0.015579774044454098
almost a good editor,positive,positive,0.6137639880180359,0.023722758516669273,0.3625132143497467,0.6137639880180359
not able to download new <url>,neutral,negative,0.4708031117916107,0.4708031117916107,0.44206735491752625,0.08712957054376602
"so i create a pdf using an adobe program, then send it to my phone to see what it looks like, but it won't open! pretty lame if you ask me.",negative,neutral,0.5508199334144592,0.3645644783973694,0.5508199334144592,0.08461558073759079
sometime can't change display picture at asus zenfone <number> . please fix,negative,neutral,0.6459887027740479,0.18070654571056366,0.6459887027740479,0.1733047366142273
really nice concept but on android it just keeps hanging and eventually crashing.,negative,neutral,0.7470079064369202,0.06928648054599762,0.7470079064369202,0.18370561301708221
doesn't work on my phone. always error,negative,negative,0.9073267579078674,0.9073267579078674,0.07742355018854141,0.015249708667397499
slackbot opens every time i start to type a reply in the app. started happening with the last update (note <number> ). why can't we disable slackbot? <number> star until we get this ability.,negative,negative,0.6824381947517395,0.6824381947517395,0.2740846276283264,0.043477147817611694
"complex app that covers all sorts of things related to travelling, maybe too many",positive,positive,0.6157484650611877,0.04067937657237053,0.3435721695423126,0.6157484650611877
great and more awesome,positive,positive,0.7785703539848328,0.038869474083185196,0.18256016075611115,0.7785703539848328
not what i asked for,negative,negative,0.5230435132980347,0.5230435132980347,0.4089842438697815,0.06797219067811966
i wish you would show canadian maps,neutral,positive,0.48405390977859497,0.0543716661632061,0.46157434582710266,0.48405390977859497
you don't allow to take in-app screenshots?,neutral,negative,0.70194411277771,0.70194411277771,0.25196513533592224,0.04609071463346481
how about date birth,negative,neutral,0.5876919031143188,0.1813191920518875,0.5876919031143188,0.23098893463611603
"works great, other then not being able to delete content directly from phone.",neutral,positive,0.5911038517951965,0.03706083446741104,0.3718353509902954,0.5911038517951965
can't copy/paste or add keyboard to android,negative,neutral,0.6231328248977661,0.2804475724697113,0.6231328248977661,0.09641960263252258
can't even create a account tried more than <number> times,negative,negative,0.8443533778190613,0.8443533778190613,0.13207517564296722,0.023571446537971497
fast and good but missing features.,neutral,neutral,0.6321282982826233,0.026041816920042038,0.6321282982826233,0.34182992577552795
cannot get rid of floating head in my messages and it's driving me mad. i've had to uninstall the app to get rid of it &gt;:-/,negative,negative,0.9084806442260742,0.9084806442260742,0.0756249651312828,0.01589437574148178
"love this app. i use it to study, but i answered a phone call and it wilted my tree. i can't really help when i receive phone calls. this one had to be answered and now i have to look at a wilted tree in my beautiful forest. i am upsetti spaghetti since i'm a perfectionist",positive,neutral,0.6095726490020752,0.13308098912239075,0.6095726490020752,0.25734636187553406
this app is slowly work,neutral,neutral,0.5027359127998352,0.36192408204078674,0.5027359127998352,0.13533999025821686
no instructions on how to delete files/pages viewed.,neutral,neutral,0.604458212852478,0.28703585267066956,0.604458212852478,0.10850591957569122
it helps a lot.,positive,positive,0.678068995475769,0.02784850262105465,0.2940824627876282,0.678068995475769
"need to improve performance, usablity, and <url>",neutral,neutral,0.6592115163803101,0.07947224378585815,0.6592115163803101,0.26131629943847656
multiple image share option is missing,neutral,neutral,0.713095486164093,0.08452334254980087,0.713095486164093,0.2023811787366867
"i like the functions, but",neutral,neutral,0.6733326315879822,0.0388280488550663,0.6733326315879822,0.2878393232822418
why don't you just block us all?! =d =d =d,negative,negative,0.4778188169002533,0.4778188169002533,0.4232974052429199,0.0988837406039238
easy to find hotel,neutral,positive,0.6949667930603027,0.027596410363912582,0.277436763048172,0.6949667930603027
"if unexpected crashes negleted, it is so far the <signature>",positive,positive,0.4808507263660431,0.04975191131234169,0.4693973660469055,0.4808507263660431
used to love it,negative,negative,0.86037278175354,0.86037278175354,0.11851314455270767,0.021114030852913857
"i love this app but with the latest update it died when i used a white listed app, and when i checked my whitelist i couldn't scroll through or change anything which was weird. plz fix this and add more trees!",positive,neutral,0.530194878578186,0.08083300292491913,0.530194878578186,0.38897210359573364
very good mobile phone photo editor,positive,positive,0.7084066271781921,0.021993959322571754,0.26959937810897827,0.7084066271781921
keeps telling u to turn on the access then brings u to the settings page and even aft you check all the boxes doesnt take you back to the app. and continues to keep popping up disrupting phone usage. app doesnt work properly,negative,negative,0.8904271125793457,0.8904271125793457,0.09163638949394226,0.01793639175593853
app is faster but stucks mobile pleas fix it up,positive,neutral,0.7312608957290649,0.12348592281341553,0.7312608957290649,0.14525321125984192
"should have ""seen"" feature",neutral,neutral,0.7166791558265686,0.08643967658281326,0.7166791558265686,0.19688107073307037
"can not zoom in or out, plis fix",neutral,neutral,0.5224775671958923,0.3928939998149872,0.5224775671958923,0.08462845534086227
nice idea and interface but finding friends doesn't work on android,neutral,neutral,0.7602806687355042,0.06948047876358032,0.7602806687355042,0.17023876309394836
white list is so frustrating!,negative,negative,0.5465466976165771,0.5465466976165771,0.3910713195800781,0.062381990253925323
need <url> saving to gallery issue adding photo issue,neutral,neutral,0.6755243539810181,0.17154064774513245,0.6755243539810181,0.15293504297733307
the live doppler doesn't work since i updated,negative,negative,0.8212118148803711,0.8212118148803711,0.15349574387073517,0.025292472913861275
very ugly and difficult to use platform. i do not suggest it. very bad,negative,negative,0.8867284655570984,0.8867284655570984,0.09198318421840668,0.02128838188946247
recent update be unstable and loading so late,neutral,neutral,0.6494008302688599,0.2409360408782959,0.6494008302688599,0.10966315120458603
would give <number> stars if you blocked the facebook messenger bubble as well,positive,neutral,0.6639221906661987,0.05534826219081879,0.6639221906661987,0.2807295322418213
it's a good overall weather app. do miss the traffic cam.,positive,positive,0.6637260913848877,0.016272351145744324,0.3200015425682068,0.6637260913848877
really hard to navigate.,neutral,negative,0.5801252126693726,0.5801252126693726,0.3522036671638489,0.06767112016677856
they don't refund difference if room is cheaper,negative,neutral,0.5929774045944214,0.2786409556865692,0.5929774045944214,0.128381609916687
"works most of the time. freezes sometimes while trying to open a document, but just restart the app and it's good to go.",positive,neutral,0.5436976552009583,0.028194256126880646,0.5436976552009583,0.4281080961227417
my friend show me it on tumbler it's amazing <signature>,positive,positive,0.7648605704307556,0.03302448242902756,0.20211492478847504,0.7648605704307556
would of gave it <number> stars if i could. i just figured out that this app was using <number> % of my battery life and i never even use the app. sucks really bad.,negative,negative,0.9208393692970276,0.9208393692970276,0.06442679464817047,0.014733905903995037
"you ruined the icon, we said ok. now you are ruining the background color too. stop changing, no one was complaining!",neutral,negative,0.899979293346405,0.899979293346405,0.08323147892951965,0.01678931899368763
should have been a <number> star but why's the android version lacking local adjustments that the ios version has. i can understand that there may be delays among platforms but it's already <number> months behind!,neutral,neutral,0.7333921790122986,0.11450356990098953,0.7333921790122986,0.15210430324077606
nothing i want from this app,negative,negative,0.8326947689056396,0.8326947689056396,0.13484850525856018,0.03245672956109047
so great until today,negative,positive,0.5260157585144043,0.12281294912099838,0.3511713147163391,0.5260157585144043
it would be nice if it had it on like whatsapp for android but you have to download another app to access that <url> yeah but it's good,positive,neutral,0.6317060589790344,0.02252141386270523,0.6317060589790344,0.34577256441116333
high quality images turns into low quality,neutral,neutral,0.6864480972290039,0.20463135838508606,0.6864480972290039,0.10892055928707123
"it doesnt work, the screen flashes on and off and it wont open",negative,negative,0.9209137558937073,0.9209137558937073,0.06379996240139008,0.01528629008680582
no retract in options,neutral,neutral,0.6907996535301208,0.17136460542678833,0.6907996535301208,0.13783575594425201
last position read somewhat flawed,neutral,neutral,0.6593202352523804,0.20545430481433868,0.6593202352523804,0.13522547483444214
get <number> days free trial. nice. to try it i need to be able to access photos that store to my sd card. i do that so i have room on my phones internal drive. waste of time,negative,negative,0.6624717712402344,0.6624717712402344,0.2759096026420593,0.0616186186671257
does not support to open pwd protected document,neutral,negative,0.76753830909729,0.76753830909729,0.19183234870433807,0.04062936082482338
got rid of the irc gateway. this was why we used slack. uninstalled.,negative,negative,0.9262494444847107,0.9262494444847107,0.0570189468562603,0.016731536015868187
more theme and customization <url>,positive,positive,0.5686885714530945,0.05272313952445984,0.3785882592201233,0.5686885714530945
some items don't work!,neutral,negative,0.6474279165267944,0.6474279165267944,0.3062683939933777,0.04630366712808609
map animation still has bug.,negative,neutral,0.5376361012458801,0.35816460847854614,0.5376361012458801,0.10419926792383194
"ignores some files, loads a few others",neutral,neutral,0.5877082347869873,0.32421237230300903,0.5877082347869873,0.08807940781116486
it's not as good as it used to be,neutral,neutral,0.6063588857650757,0.3093707859516144,0.6063588857650757,0.08427027612924576
"good, but needs things",positive,neutral,0.5808261036872864,0.021881071850657463,0.5808261036872864,0.3972928524017334
not working properly on samsung galaxy a <number> .,negative,negative,0.5395979881286621,0.5395979881286621,0.3761230409145355,0.08427893370389938
views pdfs better then stock app but it doesn't see pdf's on sd card,negative,neutral,0.7613840103149414,0.08130969107151031,0.7613840103149414,0.15730628371238708
no way to get rid of ads on terrible screen layout.,negative,negative,0.8860054016113281,0.8860054016113281,0.09024953097105026,0.023745067417621613
required an account. i want an app to edit pictures on my phone. the online storage and synchronization should be an optional feature; not a requirement.,negative,neutral,0.6719591617584229,0.21564821898937225,0.6719591617584229,0.1123926192522049
ok with local weather love the thunder part of the app,positive,positive,0.5561978220939636,0.026241159066557884,0.41756099462509155,0.5561978220939636
trivago the tru app,neutral,neutral,0.4472196400165558,0.3252616822719574,0.4472196400165558,0.227518692612648
add a floating notification,positive,neutral,0.6429986357688904,0.1481488198041916,0.6429986357688904,0.20885255932807922
why i can not share video on bbm group; too many update but no significant effect,negative,neutral,0.7276413440704346,0.11499018967151642,0.7276413440704346,0.15736843645572662
limited options for search,negative,neutral,0.7309035062789917,0.07589427381753922,0.7309035062789917,0.1932021677494049
good for messaging not for calls,neutral,neutral,0.7465263605117798,0.05866096913814545,0.7465263605117798,0.19481267035007477
"it's available when i need it and it's more accurate than other weather apps i've tried. update(jan <number> ) <url> recent california winter has been crazy, and frankly this app has let me down with inaccurate forecasts for most of it. comparatively, the google now app is more accurate. maybe the sensors in my area are just bad. when it's fixed, i revisit my review.",neutral,neutral,0.5798487663269043,0.05617648363113403,0.5798487663269043,0.36397477984428406
you could add a bit more features. birthmarks scars moles etc,positive,neutral,0.5593240857124329,0.03557829186320305,0.5593240857124329,0.405097633600235
i am using it before <number> years,positive,neutral,0.45410341024398804,0.3009718656539917,0.45410341024398804,0.24492467939853668
like many sites if you visit a chosen hotel more than once or twice the price rises!,neutral,positive,0.712837815284729,0.026782337576150894,0.2603797912597656,0.712837815284729
amazing experience so far with this. iam being familiar with it.,positive,positive,0.7734918594360352,0.0336080938577652,0.19290004670619965,0.7734918594360352
doesn't save properly half the time and definitely could use some more filters.,negative,neutral,0.6818037629127502,0.20967954397201538,0.6818037629127502,0.10851673036813736
why is the iphone app so much better!,negative,neutral,0.5388430953025818,0.3590015172958374,0.5388430953025818,0.10215538740158081
"browser not opening sites, it just ideal.",negative,neutral,0.6831081509590149,0.05523446574807167,0.6831081509590149,0.26165738701820374
"continuous crashing, won't even open now.",negative,negative,0.9098227024078369,0.9098227024078369,0.07253662496805191,0.017640702426433563
they forced me to rate them so i docked a star.,neutral,negative,0.8899437785148621,0.8899437785148621,0.09023678302764893,0.019819417968392372
lame. doesnt work for samsung intercept,negative,negative,0.9004160165786743,0.9004160165786743,0.08220623433589935,0.017377689480781555
of mice and man,negative,neutral,0.41033366322517395,0.4046792685985565,0.41033366322517395,0.18498705327510834
only thing missing is custom notification,positive,neutral,0.6286993026733398,0.09096311777830124,0.6286993026733398,0.2803375720977783
video cant open after click tha video,negative,negative,0.6218505501747131,0.6218505501747131,0.3293706178665161,0.04877884313464165
weather animation has stopped and will not start. has been off nearly <number> weeks.,negative,negative,0.803590714931488,0.803590714931488,0.159522145986557,0.03688707947731018
"i just came here because this app was featured on silicon valley, looks like a great app with an attractive interface.",positive,positive,0.7470715045928955,0.02964852564036846,0.22327999770641327,0.7470715045928955
it's okay except for i have a lg phone and it doesn't work that well with the lg phone,positive,neutral,0.7693806290626526,0.03557544946670532,0.7693806290626526,0.19504395127296448
cannot open or detect image file imported from nikon <number> j <number> camera which has .jpeg <url> i had to convert it first or use another photo app editing and save <url> so lightroom could detect the file <url>,neutral,neutral,0.5651611685752869,0.338206946849823,0.5651611685752869,0.09663192182779312
having trouble downloading the app,negative,neutral,0.611577033996582,0.28603968024253845,0.611577033996582,0.10238330811262131
i can't sent it through my messages to my contacts. only through facebook and that is absolutely ridiculous. this app sucks,negative,negative,0.928226888179779,0.928226888179779,0.0566909983754158,0.01508218515664339
very quickly reservation done.,positive,positive,0.5952306985855103,0.06818121671676636,0.3365880250930786,0.5952306985855103
<salutation> please give setting to turn it off,negative,neutral,0.509300172328949,0.23632730543613434,0.509300172328949,0.2543725371360779
fantastic app to track lighting! the rest of the app is the same as any other really. but in fairness i do not use the rest of the app.,positive,neutral,0.5485200881958008,0.03405832126736641,0.5485200881958008,0.4174215793609619
service is good but app is not much android oriented,neutral,neutral,0.7776739597320557,0.04648220166563988,0.7776739597320557,0.17584383487701416
this app is better,neutral,neutral,0.4982674717903137,0.20565776526927948,0.4982674717903137,0.296074777841568
the improvement are a lot better but it would be nice to be able to send large mp <number> or mp <number> files via bbm.,positive,neutral,0.6653713583946228,0.028522154316306114,0.6653713583946228,0.3061065673828125
viuggg hang with my life in your help me a lot and then you have any attachments may contain information contained herein including attachments if it would love the way i will have been sent me a new one day i was thinking about my life in your,positive,neutral,0.49580758810043335,0.09199157357215881,0.49580758810043335,0.41220080852508545
can't get to work for motorola droid,negative,negative,0.7459149956703186,0.7459149956703186,0.21877354383468628,0.03531146049499512
bad for the aap is hanging,neutral,negative,0.863873302936554,0.863873302936554,0.11289343982934952,0.023233305662870407
its really <url> though remove the trial days remaining,positive,neutral,0.6603227257728577,0.07535918802022934,0.6603227257728577,0.26431804895401
horrible radar. constant storm alerts with no storms around,negative,negative,0.9201616644859314,0.9201616644859314,0.06477159261703491,0.015066755935549736
cool idea pain da butt to use then at times wont work <url>,negative,negative,0.6194658279418945,0.6194658279418945,0.3291802704334259,0.05135392025113106
new update v <number> . <number> crashes all the time,positive,negative,0.8177051544189453,0.8177051544189453,0.15303553640842438,0.029259348288178444
"it's okay (at least, freebies now included) <url>",neutral,neutral,0.7062749266624451,0.025882359594106674,0.7062749266624451,0.26784271001815796
only <number> stars since it will not let me delete any files. please fix.,neutral,neutral,0.5632632970809937,0.2873576283454895,0.5632632970809937,0.14937907457351685
does what it is supposed to do and does it well.,positive,positive,0.6754140853881836,0.03812604770064354,0.2864598035812378,0.6754140853881836
"very useful, but has a few annoyances",positive,neutral,0.5537467002868652,0.02437315136194229,0.5537467002868652,0.42188018560409546
can't download <url>,negative,negative,0.607020914554596,0.607020914554596,0.33989599347114563,0.0530831478536129
"generally a good pdf viewer. i love the reading mode that reflow text and adjust font for better reading experience. the only problem, or i should call it a bug, is that it seems like this mode hates to see <number> letters ""f"" & ""i"" being together. for words like ""find"", ""first"", ""prefix"", etc. you will see only ""nd"", ""rst"", ""prex"", etc.",positive,positive,0.5973796844482422,0.022118326276540756,0.38050198554992676,0.5973796844482422
no support for paid ad-free version,neutral,negative,0.5959131121635437,0.5959131121635437,0.33456751704216003,0.06951934099197388
i like this app,positive,positive,0.7210229635238647,0.03429827466607094,0.24467876553535461,0.7210229635238647
used to use it for studying but after reacent update it won't open. please fix,neutral,negative,0.6364661455154419,0.6364661455154419,0.31325390934944153,0.050279997289180756
last update is a disaster,negative,negative,0.8306211829185486,0.8306211829185486,0.1376500427722931,0.03172873705625534
would be better if emoji's didn't disappear when new ones are added,neutral,neutral,0.6942043304443359,0.03667505830526352,0.6942043304443359,0.26912063360214233
good for basic stuff,neutral,positive,0.6097270846366882,0.020717931911349297,0.36955496668815613,0.6097270846366882
fun but android needs more options!!,neutral,positive,0.5521068572998047,0.021076468750834465,0.4268166720867157,0.5521068572998047
"the usual mediocre bare bone pdf reader from adobe, totally lacking in functionality. repligo reader is better",negative,neutral,0.6842969655990601,0.19894884526729584,0.6842969655990601,0.11675411462783813
stays open in background,negative,neutral,0.5972161293029785,0.202788308262825,0.5972161293029785,0.19999556243419647
it's actually helpful.,positive,positive,0.6428536772727966,0.021110620349645615,0.3360356390476227,0.6428536772727966
good enough and satisfied result <url> its quite good aap,neutral,positive,0.6714947819709778,0.018409157171845436,0.31009605526924133,0.6714947819709778
why songs are not downloading from the websites. there is always showing error. whenever i download some song. pls fix this bugg,neutral,neutral,0.489202618598938,0.42254838347435,0.489202618598938,0.08824899047613144
booking is simple and straight forward.,positive,neutral,0.5318334698677063,0.05681777745485306,0.5318334698677063,0.41134876012802124
"a really good and practical app, however like every other app it still has room for improvement!",positive,positive,0.6653187870979309,0.01725711300969124,0.31742408871650696,0.6653187870979309
excellent pdf viewer rendered unusable by the inability to jump to a page and by the fact that it doesn't remember where you were or bookmarks.,negative,neutral,0.5540361404418945,0.035278987139463425,0.5540361404418945,0.41068482398986816
good site but still faceing issue with hotel even we confirm through app,positive,neutral,0.6594051122665405,0.03209605813026428,0.6594051122665405,0.3084988594055176
it took forever to download,neutral,negative,0.5339559316635132,0.5339559316635132,0.3960050344467163,0.0700390562415123
i've started using the lightroom camera to take all my photos in raw (dng) and i've noticed today that while out at <number> : <number> on <number> / <number> / <number> and taking pictures the time and date stamp on the images says <number> : <number> <number> / <number> / <number> . what's all that about? i can't change it so where does it get it's info from? also the preview does not show the correct colour. it does when using the slider but as soon as i let it go the image reverts back to a almost black and white.,neutral,neutral,0.6356027722358704,0.2356218695640564,0.6356027722358704,0.12877529859542847
it's cute for younger people but i use it some. i'm <number> yrs old.,positive,neutral,0.5285048484802246,0.028412465006113052,0.5285048484802246,0.443082720041275
"i had login throught google + <url> but i changed my mind and wanted to login through <url> so, i logged out !!! now, i cannot login back. the app is going back to registration page with the option to login to facebook !!! please look into the solution for this !",neutral,negative,0.8259382247924805,0.8259382247924805,0.14559844136238098,0.028463229537010193
please could we have the option to install to sd card. what is the point in having a large sd card if it doesn't even get used,negative,neutral,0.7007965445518494,0.1193823590874672,0.7007965445518494,0.17982114851474762
wont open at all,negative,negative,0.8403750658035278,0.8403750658035278,0.13612323999404907,0.023501692339777946
good stickers allow users to express better. how come i cannot use bbm calls?,neutral,positive,0.6087399125099182,0.02115665376186371,0.37010347843170166,0.6087399125099182
why pr have no radar????,negative,neutral,0.5249127149581909,0.351318895816803,0.5249127149581909,0.12376845628023148
before it can connect even the signal is weak now it needs more signal to connect,neutral,neutral,0.7018721103668213,0.16102087497711182,0.7018721103668213,0.1371069848537445
radar maps are all wrong,negative,negative,0.7517707347869873,0.7517707347869873,0.20986562967300415,0.03836365416646004
it is fast downloading app,positive,positive,0.627838671207428,0.026178844273090363,0.3459824025630951,0.627838671207428
make it a zoo or fish tank,positive,neutral,0.5256460905075073,0.08894861489534378,0.5256460905075073,0.3854052722454071
waah!!! so nice app,positive,positive,0.7299913763999939,0.03551139682531357,0.2344972938299179,0.7299913763999939
why pay that price for tablet use,negative,negative,0.4898572266101837,0.4898572266101837,0.4151950478553772,0.09494773298501968
good bit doesn't have the choices in search section for type of rooms such as not-smoking or soundproof ones or double-room etc.,positive,neutral,0.6910833716392517,0.03390105068683624,0.6910833716392517,0.2750155031681061
too slow at times,neutral,neutral,0.7361202239990234,0.11226662993431091,0.7361202239990234,0.15161316096782684
it's very easy to use and all types of format documents easily opened,positive,positive,0.7238014340400696,0.020796673372387886,0.2554018795490265,0.7238014340400696
can not sign in,negative,negative,0.6696542501449585,0.6696542501449585,0.2810109257698059,0.04933479428291321
it makes team communication highly open and accessible,positive,positive,0.7530444264411926,0.026454927399754524,0.2205006629228592,0.7530444264411926
when message is being sent it takes time to be received,neutral,neutral,0.6368282437324524,0.2289988249540329,0.6368282437324524,0.13417287170886993
pretty accurate for the most part i think,positive,positive,0.7158952355384827,0.022083815187215805,0.26202091574668884,0.7158952355384827
spark is about the only good thing,neutral,neutral,0.4658588171005249,0.09411885589361191,0.4658588171005249,0.4400222599506378
broke the upload photo feature,negative,negative,0.6229925155639648,0.6229925155639648,0.3114992380142212,0.06550825387239456
best app but suggest download stop,positive,neutral,0.6494871973991394,0.038324955850839615,0.6494871973991394,0.31218788027763367
some hotels are a bit shady,neutral,neutral,0.6847288608551025,0.08780821412801743,0.6847288608551025,0.22746288776397705
its fun to see you're own emoji !,neutral,positive,0.7177594304084778,0.021880408748984337,0.26036012172698975,0.7177594304084778
its not so great as i expected it to be,neutral,neutral,0.7388442754745483,0.13855767250061035,0.7388442754745483,0.12259803712368011
keeps going down n the ads r anoying,negative,negative,0.6191774010658264,0.6191774010658264,0.3299914002418518,0.05083118751645088
it was good enough until i can't change my display picture,negative,neutral,0.6475107669830322,0.029913555830717087,0.6475107669830322,0.3225756585597992
it's a trial. editing feature not impressive.,positive,neutral,0.705138087272644,0.16077880561351776,0.705138087272644,0.13408313691616058
love it <url> great job <url>,neutral,positive,0.7295235991477966,0.044242095202207565,0.2262343466281891,0.7295235991477966
used to be good,negative,negative,0.8469526767730713,0.8469526767730713,0.1305818110704422,0.02246558666229248
very good and useful app,positive,positive,0.7748058438301086,0.026384547352790833,0.19880960881710052,0.7748058438301086
"the app will no longer let me delete locations. uninstalled, and reinstalled and they are still there. frustrating.",neutral,negative,0.8908211588859558,0.8908211588859558,0.08858349174261093,0.020595397800207138
"buggy, ambigue and less features",negative,neutral,0.699780285358429,0.1413865089416504,0.699780285358429,0.15883319079875946
"this has helped my productivity a lot. i've only recently started experiencing issues with it. before, the app used to count extra time i went without using my phone even after the <number> min mark. it was really gratifying to see how much longer i was able to last + it contributed to my forest and my overall focus count. but now it isn't doing that? so it kind of discourages me from continuing to work past the sound of the timer even if i feel like i could. if it's possible, please do something about that.",neutral,neutral,0.633439838886261,0.057069458067417145,0.633439838886261,0.30949071049690247
"zooming slow, okay otherwise",neutral,neutral,0.7744356989860535,0.08113618940114975,0.7744356989860535,0.1444281041622162
"fix zoom in attached images! it doesn't work first <number> seconds the image open, and for gif it doesn't work at all. and is that tat hard to add rotation you've ""planned to add"" a year ago? where's a font size setting or guesture scale sor chat?",neutral,negative,0.5713884234428406,0.5713884234428406,0.3762502372264862,0.05236136168241501
when will the local adjustments tool be disponible for android users?? hope it's included on the next actualization !!,positive,neutral,0.5210949778556824,0.07584384828805923,0.5210949778556824,0.4030612111091614
just started using it !,positive,negative,0.8762811422348022,0.8762811422348022,0.1048271432518959,0.018891766667366028
so cute. wish it were easier to access via other apps,positive,positive,0.6394376754760742,0.020830096676945686,0.33973222970962524,0.6394376754760742
really like the way this app has evolved from it's first version. please add android wear notification service asap. its really easy to add and people are badly missing it.,positive,positive,0.6184542775154114,0.028002504259347916,0.353543221950531,0.6184542775154114
"good on mobile devices ,simply good on move",positive,positive,0.6542871594429016,0.01900579035282135,0.32670703530311584,0.6542871594429016
need to avoid unwanted ads and also enhance the downloading speed. overall nice app.,positive,positive,0.6718933582305908,0.018489636480808258,0.3096170127391815,0.6718933582305908
"i really like this app and is what i go to when i start loosing concentration. i wish there were more stats and plant types, also more beautifully animated and things that change <url>",positive,positive,0.748487114906311,0.027634242549538612,0.2238786220550537,0.748487114906311
was <url> now radar broken,negative,negative,0.8382447957992554,0.8382447957992554,0.13128139078617096,0.030473822727799416
booking bait and switch,negative,negative,0.6707254648208618,0.6707254648208618,0.26852262020111084,0.06075189262628555
this seems like it would be cool,negative,neutral,0.4977050721645355,0.02303488552570343,0.4977050721645355,0.47925999760627747
cannot see my photo's on device,negative,neutral,0.5348383784294128,0.37749385833740234,0.5348383784294128,0.0876677930355072
so far so good!! i love it.,positive,positive,0.7727804780006409,0.030260266736149788,0.1969592273235321,0.7727804780006409
"such an intrusive browser, coming from china. it can't be trusted with your online activities. indians, be aware.",negative,negative,0.757476270198822,0.757476270198822,0.20680704712867737,0.03571663051843643
hi i download this app he is the very good app,positive,positive,0.743920087814331,0.03893093764781952,0.21714898943901062,0.743920087814331
where is the download process,positive,neutral,0.5855346918106079,0.2107323259115219,0.5855346918106079,0.20373299717903137
brill so easy to use,positive,positive,0.6523178815841675,0.025448955595493317,0.322233110666275,0.6523178815841675
the app isn't working on the note <number> . i'll update my review if/when it works.,negative,negative,0.5820075869560242,0.5820075869560242,0.35972684621810913,0.05826559662818909
"""you have cancelled your entire <url> ""???",negative,negative,0.8522658944129944,0.8522658944129944,0.11966332048177719,0.028070738539099693
it good for local german reports nearly as good as <url>,positive,positive,0.6163640022277832,0.01927180401980877,0.3643642067909241,0.6163640022277832
does what i need it to,neutral,positive,0.6433370113372803,0.03865118324756622,0.3180117905139923,0.6433370113372803
it's good for communication,neutral,positive,0.66643226146698,0.016930382698774338,0.3166373372077942,0.66643226146698
it sometimes sends the wrong <url>,neutral,neutral,0.5528889298439026,0.32954463362693787,0.5528889298439026,0.11756647378206253
please add the feature of sharpen and blur,neutral,neutral,0.5292923450469971,0.04112895950675011,0.5292923450469971,0.4295786917209625
notifications aren't working???,positive,negative,0.4973081648349762,0.4973081648349762,0.419664591550827,0.08302728086709976
lag while zoom in/out,positive,neutral,0.6117843985557556,0.22978909313678741,0.6117843985557556,0.15842656791210175
had some slowness issues?,positive,neutral,0.7507124543190002,0.09115903824567795,0.7507124543190002,0.1581285297870636
awesome app one of the <signature>,positive,positive,0.7815546989440918,0.034179072827100754,0.18426620960235596,0.7815546989440918
it does great and gives accurate weather information,positive,positive,0.7731875777244568,0.025735510513186455,0.201076939702034,0.7731875777244568
bogus . there are several aps much useful,negative,neutral,0.48104262351989746,0.060575589537620544,0.48104262351989746,0.4583817720413208
'no notifications' doesn't work.,negative,negative,0.8042985796928406,0.8042985796928406,0.16570362448692322,0.0299978144466877
great app for managing hotel reservations on the go. it's also nice to earn rewards for frequent stays. i think this is the <signature>,positive,positive,0.7822079062461853,0.024041930213570595,0.19375014305114746,0.7822079062461853
app keeps crashing. unable to open after latest update.,positive,negative,0.8451583981513977,0.8451583981513977,0.12594619393348694,0.028895443305373192
always update but nothing improve,neutral,neutral,0.7427462935447693,0.06376767158508301,0.7427462935447693,0.1934860199689865
"great concept, poor implementation",neutral,negative,0.6802355051040649,0.6802355051040649,0.2658170163631439,0.05394740030169487
contact picture not show.,negative,neutral,0.5199567675590515,0.3783324658870697,0.5199567675590515,0.1017107367515564
canon cr <number> support please,neutral,neutral,0.4834698438644409,0.25735077261924744,0.4834698438644409,0.2591794431209564
this thing is a trap! it will take your money,negative,negative,0.9177790880203247,0.9177790880203247,0.0657569020986557,0.01646403782069683
"the icon re-design is a tremendous eye-sore more fit to be the face of a pharmaceutical firm, and they didnt put any extra effort into making the app on any of the platforms, leaving gaps in design. no dark mode, no voip, no collapsing the sidebar on ios or windows. i use it because my friends do.",negative,neutral,0.5606887340545654,0.30373769998550415,0.5606887340545654,0.1355735957622528
"just need an option to mute notifications (some of us work different timezones and like sleep), other than that it works pretty well!",positive,positive,0.5669339895248413,0.020203828811645508,0.4128621518611908,0.5669339895248413
good for net work download,positive,positive,0.6585630774497986,0.018594147637486458,0.3228427469730377,0.6585630774497986
i want this feature,positive,neutral,0.4737924039363861,0.07248382270336151,0.4737924039363861,0.4537237286567688
content rating: low maturity,positive,neutral,0.6924066543579102,0.1794293075799942,0.6924066543579102,0.12816408276557922
this application doesn't work in my handphone,negative,negative,0.9170922636985779,0.9170922636985779,0.06612872332334518,0.016779012978076935
slack chat is good,positive,neutral,0.559681236743927,0.04056243225932121,0.559681236743927,0.39975637197494507
i find the user experience superior to other apps.,positive,positive,0.49627476930618286,0.04337030276656151,0.4603549540042877,0.49627476930618286
"great app, needs better ui on reviews",neutral,positive,0.7003218531608582,0.02359137497842312,0.27608680725097656,0.7003218531608582
great new camera in-app,positive,positive,0.6945456266403198,0.07129966467618942,0.23415476083755493,0.6945456266403198
would be <number> <url>,negative,neutral,0.6178680658340454,0.1461499035358429,0.6178680658340454,0.2359820455312729
it's a good application,neutral,positive,0.6926593780517578,0.01784655638039112,0.2894940674304962,0.6926593780517578
"five star service, two star app",negative,neutral,0.41228094696998596,0.2560887038707733,0.41228094696998596,0.33163031935691833
everytime my phone went on sleep it killed the tree and became completely pointless because i would've had to tap my phone every <number> seconds to keep it from locking and killing the tree.,negative,negative,0.9272148013114929,0.9272148013114929,0.05781747028231621,0.014967712573707104
bbm isnt the <signature>,neutral,negative,0.6729100346565247,0.6729100346565247,0.2766995131969452,0.05039050802588463
can you please give a little speed more on download,neutral,neutral,0.5710425972938538,0.05056612193584442,0.5710425972938538,0.37839123606681824
need support for .cr <number> format,positive,neutral,0.6947423815727234,0.08365149796009064,0.6947423815727234,0.22160612046718597
"unecessarily complicated and cumbersome. it's so difficult to create new workspaces and move people from one to another. if you don't have someone's email address memorized, good luck! this app has a long way to go to be truly useful every day. in addition to the above, notifications are a bit of a nightmare. i've missed out on a lot of critical messages because notifications just don't work when they need to. i've run out of room for feedback but i could go <url>",negative,neutral,0.6236318349838257,0.27536988258361816,0.6236318349838257,0.10099830478429794
i'm surprised hdr is not supported on the huawei nexus <number> p. i realize it is isn't as new as the pixels but it's still a pretty fast phone.,neutral,neutral,0.6384342312812805,0.032124921679496765,0.6384342312812805,0.3294408917427063
where is the bookmarks?,neutral,neutral,0.5458015203475952,0.26996174454689026,0.5458015203475952,0.18423669040203094
"love this app, developers have been brilliant at fixing bugs and the feedback system is great!",neutral,positive,0.7823861241340637,0.03428060933947563,0.18333321809768677,0.7823861241340637
i want to give this app <number> <url>,negative,neutral,0.4546293020248413,0.39240172505378723,0.4546293020248413,0.15296898782253265
cant even sign in or sign up,negative,negative,0.8259910941123962,0.8259910941123962,0.14754948019981384,0.02645942009985447
"very nice weather app. would like to see more detail on air quality, pollen, etc",positive,positive,0.7298768162727356,0.022393975406885147,0.24772919714450836,0.7298768162727356
simple to use. nice option to search via map,positive,positive,0.7052891850471497,0.01923203654587269,0.2754787504673004,0.7052891850471497
what a huge step backwards for useability.,negative,positive,0.5437084436416626,0.0627296045422554,0.3935619294643402,0.5437084436416626
it is what it is!,neutral,positive,0.46609997749328613,0.12511347234249115,0.4087865650653839,0.46609997749328613
"+pinch zoom, +++reflow text, --render speed on scroll, ---should find all pdf including dowloaded by browser, --no search, ---no images in reflow",negative,negative,0.516805112361908,0.516805112361908,0.41274547576904297,0.07044946402311325
this app keeps killing my tree whenever i off my <url> this is so bad. i ended up kore time restarting the timer.,negative,negative,0.9253675937652588,0.9253675937652588,0.05900990217924118,0.01562260091304779
website offers better and more search options.,negative,neutral,0.5293756127357483,0.03767964988946915,0.5293756127357483,0.43294474482536316
i love this browser,positive,positive,0.7461932897567749,0.04394270479679108,0.2098640352487564,0.7461932897567749
not always perfectly accurate. i like the hourly forecast.,positive,neutral,0.5474686622619629,0.031985897570848465,0.5474686622619629,0.4205454885959625
mobile notifications not working,neutral,negative,0.48361462354660034,0.48361462354660034,0.4330321252346039,0.08335327357053757
cannot unlock password protected ebooks. can't even interact with links or buttons. worthless for password protected ebooks.,negative,negative,0.9049703478813171,0.9049703478813171,0.07703801244497299,0.01799156330525875
this app is an nice good for everything i need but they are problems u must fix,positive,neutral,0.5570635795593262,0.024382347241044044,0.5570635795593262,0.4185541272163391
getting worse than before,neutral,negative,0.47109872102737427,0.47109872102737427,0.45098578929901123,0.07791544497013092
it's easier and efficient,positive,positive,0.6829149723052979,0.022012853994965553,0.29507216811180115,0.6829149723052979
"what the mobile developers do not understand is: do not ever ever change the application icon! the icon shape and color are used to quickly identify an app between other dozen apps. that's how the brain works! moreover, an update only for the app icon? where is the video recording option? i use slack daily (it's the main chat / video conferencing solution where i work) and you can simply cannot record meetings!",negative,negative,0.6132774949073792,0.6132774949073792,0.3244532644748688,0.06226925924420357
"cute and accurate, but no long hair",neutral,neutral,0.5777438282966614,0.026755983009934425,0.5777438282966614,0.3955002427101135
used to work. not anymore,negative,negative,0.9016673564910889,0.9016673564910889,0.08253950625658035,0.01579313911497593
an outstanding way of communication with the team.,positive,positive,0.7959735989570618,0.031166329979896545,0.17286013066768646,0.7959735989570618
internet is better than this because,neutral,neutral,0.6473860144615173,0.12166132032871246,0.6473860144615173,0.23095263540744781
"sucks. force close, pdf never opens. htc hero.",negative,negative,0.9016138315200806,0.9016138315200806,0.0801248624920845,0.01826128363609314
"i like it just wish tht we had more choices for the avatar and the body shapes were more womenly, besides that i think it's great!",neutral,positive,0.7234343886375427,0.023116642609238625,0.2534489929676056,0.7234343886375427
was great when it worked,negative,neutral,0.44697824120521545,0.36913567781448364,0.44697824120521545,0.1838860809803009
update has ruined functionality. now difficult to search rooms for <number> people etc. terrible terrible terrible!,negative,negative,0.9330633282661438,0.9330633282661438,0.0519605316221714,0.014976105652749538
would like it better if you could use this app in fb <url>,neutral,neutral,0.5711967349052429,0.03134676441550255,0.5711967349052429,0.39745649695396423
great app with potential.,positive,positive,0.7743499875068665,0.03311403840780258,0.19253599643707275,0.7743499875068665
handles small pdf files really well. needs bookmarks.,neutral,neutral,0.6696352958679199,0.04298477992415428,0.6696352958679199,0.2873799204826355
why not a mobile web version ??!!?!,negative,negative,0.6222789883613586,0.6222789883613586,0.31174859404563904,0.06597242504358292
"i love this app, the ui is nice and smooth, no bugs what-so-ever, and it knows when i press the home button and enter another app. (turn on advanced something in the settings) looks very smooth, and it works as it should! the problem is, i can't lock my phone without killing the tree, and it wastes the battery. that's pretty much my only complaint! (i'm fairly new to the app, and i heard that when your forest gets full, that you can't put in anymore trees. if so, please let the forest expand as well.)",positive,positive,0.5736311078071594,0.039454150944948196,0.3869147300720215,0.5736311078071594
i was addicted to game and other stuff my personal work ratio was too down and this app really help <url> !,positive,positive,0.47280365228652954,0.09845118224620819,0.42874518036842346,0.47280365228652954
stuck in update mode,negative,negative,0.7544489502906799,0.7544489502906799,0.20493429899215698,0.04061673954129219
while downloading music it goes to play store .,neutral,neutral,0.5261037945747375,0.37295058369636536,0.5261037945747375,0.10094558447599411
can't append it to sd card when updated in htc wildfire,negative,neutral,0.5809774398803711,0.3333655893802643,0.5809774398803711,0.0856570154428482
free emoticons are <url> good,neutral,neutral,0.5653747916221619,0.045319076627492905,0.5653747916221619,0.3893061578273773
"i could plant the tree while watching youtube , no different than clash of clans",negative,neutral,0.603268027305603,0.11079715937376022,0.603268027305603,0.28593480587005615
bbm cant connect properly,negative,negative,0.5202791690826416,0.5202791690826416,0.4110448360443115,0.06867603212594986
"it would be cooler if you could mix and match the pants, shoes, shirts, jackets, etc. instead of having to choose from predetermined outfits. i want to make my own outfit!",positive,neutral,0.5792688727378845,0.04560454189777374,0.5792688727378845,0.37512660026550293
"works fine, too many ads",positive,positive,0.482196182012558,0.08009830117225647,0.43770551681518555,0.482196182012558
they okay good on the <number> day forecast.!,neutral,positive,0.6283290982246399,0.022581888362765312,0.3490890860557556,0.6283290982246399
"when it works, it's good. but far too many crashes on my galaxy tab s <number> .",neutral,neutral,0.684140145778656,0.02493504248559475,0.684140145778656,0.2909247875213623
terrible it now no longer works the way it used to. it was the <signature>,negative,negative,0.936816930770874,0.936816930770874,0.04910869151353836,0.01407430786639452
push notifications not reliable,positive,neutral,0.7118569016456604,0.17128820717334747,0.7118569016456604,0.11685484647750854
went out and can't access it ny more. what happened. says i have <number> go thru fb or my email and i have <number> sign up and in wen i've been using it <number> the past <number> months. what happened!,neutral,negative,0.8735228180885315,0.8735228180885315,0.10621734708547592,0.020259791985154152
to set a profile picture is very frustrating as the current set up/method cuts out most of the picture. this really should be adjusted.,neutral,neutral,0.7206679582595825,0.12482235580682755,0.7206679582595825,0.1545097380876541
i liked <url> this is very useful,positive,positive,0.7104889154434204,0.025593556463718414,0.2639175355434418,0.7104889154434204
if your not using this to book your loosing out,neutral,negative,0.5487381815910339,0.5487381815910339,0.36529189348220825,0.0859699696302414
"the app keeps asking me to rate it despite me constantly telling it ""no"" so i'm rating it <number> star out of spite and partially because they don't actually follow the choices they give you.",negative,negative,0.5307663083076477,0.5307663083076477,0.3969152271747589,0.07231851667165756
"uc browser is a fantastic browser application. the team behind the creation of this application have all done a wonderful job. keep it up as you continue to improve upon this great application. however, i wish to suggest that option to be able to send applications in speed mode { facebook, twitter etc} to phone desktop/home screen be incorporated into this application. secondly, make it possible to be able to select and set desired audio file as alert tones for applications like facebook etc. we therefore look forward to seeing these options in your next update sir. <signature>",neutral,positive,0.7218527793884277,0.027363060042262077,0.25078415870666504,0.7218527793884277
"battery drain, battery drain, battery drain",negative,negative,0.5244125723838806,0.5244125723838806,0.39455780386924744,0.08102963864803314
won't open raw files,negative,negative,0.8727743625640869,0.8727743625640869,0.10759401321411133,0.01963163912296295
force closes on samsung moment w/android v <number> . <number>,negative,negative,0.5574409365653992,0.5574409365653992,0.356497198343277,0.08606182038784027
not as good as desktop app .too slow while navigaring to different channels amd personal chats.,neutral,neutral,0.7654057741165161,0.09686393290758133,0.7654057741165161,0.13773028552532196
weather is nice and shows precipitation also,positive,positive,0.6101799011230469,0.023253997787833214,0.36656609177589417,0.6101799011230469
"won't let me add locations, other than that, works well.",neutral,neutral,0.5648902058601379,0.35372960567474365,0.5648902058601379,0.08138015866279602
note <number> <url> of nov <number> th.,negative,neutral,0.5123424530029297,0.2848261296749115,0.5123424530029297,0.2028314173221588
rooms sold not always available,neutral,neutral,0.5747547149658203,0.3381728231906891,0.5747547149658203,0.0870724618434906
please add a feature!,neutral,neutral,0.5198535919189453,0.07652483135461807,0.5198535919189453,0.40362152457237244
so many ads r coming i hate this app,negative,negative,0.8693503141403198,0.8693503141403198,0.1101679801940918,0.020481765270233154
it does what it's supposed to.,positive,neutral,0.6226304769515991,0.06101296842098236,0.6226304769515991,0.3163565397262573
it really sucks that disabling wysisyg in the settings does not work. i want my input freedom.,negative,negative,0.8815680742263794,0.8815680742263794,0.09827534854412079,0.020156530663371086
it's a decent app,positive,positive,0.6305591464042664,0.022536009550094604,0.34690484404563904,0.6305591464042664
have issue on redmi note <number>,neutral,neutral,0.5774475932121277,0.2636968195438385,0.5774475932121277,0.15885557234287262
"i would give it <number> , but it keeps stopping when converting text to pdf",positive,neutral,0.7168722152709961,0.06967797130346298,0.7168722152709961,0.2134498506784439
very good for me,positive,positive,0.7464787364006042,0.02459716610610485,0.22892406582832336,0.7464787364006042
"app whitelisting doesn't work, everything works fine when whitelisting is turned off (tree withers when i exit the app) but when it's on, i can access any app without the tree dying, not just the whitelisted ones. i've also turned on the advanced detection mode, does not help.",neutral,neutral,0.6456596851348877,0.2670425474643707,0.6456596851348877,0.08729778230190277
"this ""use"" to be the greatest weather app right up until <url> latest update froze radar animation and i don't get alerts until i open the app. deleting and going to find a better app.",negative,negative,0.750457227230072,0.750457227230072,0.19340233504772186,0.05614043027162552
"it does its job, but asking each time to rate the app is infuriating",neutral,neutral,0.76392662525177,0.06873849034309387,0.76392662525177,0.16733483970165253
my weatherbug now tells me im <number> towns away. reported <url> they told me i was dumb basically.,negative,negative,0.8167518377304077,0.8167518377304077,0.153453066945076,0.029795022681355476
crude humor supports the deteriorating morals of society. not acceptable,negative,neutral,0.5248774290084839,0.3768356442451477,0.5248774290084839,0.0982869565486908
after installed the browser <url> phone will hang and some unwanted program to be automatically <url> will affect on <url>,negative,negative,0.6843570470809937,0.6843570470809937,0.27006620168685913,0.0455767959356308
some update or something makes this wonderful app crash. please remedy the issue!!!,neutral,positive,0.5426813364028931,0.10326375812292099,0.35405492782592773,0.5426813364028931
love it but easy on the ads pls,positive,neutral,0.48926717042922974,0.026244964450597763,0.48926717042922974,0.484487920999527
"for all those whose trees are not withering, turn off whitelist mode",neutral,neutral,0.47423359751701355,0.36644020676612854,0.47423359751701355,0.1593261957168579
"i really enjoy this app, it's been quite helpful. however, though it counts the time you exceed the preset goal you don't get any extra trees/bushes. this means that i sometimes go over my time focus goal, but only see one lonely tree for my efforts. good bit of a bummer. otherwise, love the app.",positive,positive,0.711489200592041,0.01959810219705105,0.268912672996521,0.711489200592041
not as accurate at weather channel but i like that i can choose the radar location.,positive,neutral,0.662604570388794,0.03065568022429943,0.662604570388794,0.3067397475242615
i prefer the blackberry version to the android version. or maybe i've not discovered all the tricks here.,neutral,neutral,0.5823483467102051,0.09417127817869186,0.5823483467102051,0.3234803378582001
great! so much potential!,positive,positive,0.7551253437995911,0.040634334087371826,0.2042403370141983,0.7551253437995911
can't use bbm after update,negative,neutral,0.549726128578186,0.3627900183200836,0.549726128578186,0.08748383074998856
on getting the latest update the app stopped working all of a sudden. i use samsung galaxy s <number> . please see what has gone wrong. i tried reinstalling the app too. didn't work.,negative,negative,0.8970117568969727,0.8970117568969727,0.08481558412313461,0.018172699958086014
very very slow even on nexus one,negative,neutral,0.6877778768539429,0.20441749691963196,0.6877778768539429,0.10780464857816696
like the old version better,positive,neutral,0.5435318946838379,0.08491572737693787,0.5435318946838379,0.37155237793922424
stop asking me to rate every time i launch the app.,negative,negative,0.7237282991409302,0.7237282991409302,0.22910001873970032,0.04717167094349861
lots of force closes on galaxy s.,negative,negative,0.5797398090362549,0.5797398090362549,0.3579656183719635,0.062294602394104004
needs more of the core lightroom features,neutral,neutral,0.7279587388038635,0.05239682272076607,0.7279587388038635,0.2196444422006607
"great app, just a few things that need addressed. i can no longer ""purchase"" additional trees and i have the $. it says forbidden after taking a while to load. i've uninstalled and reinstalled, running on the most current app and android os <number> . <number> , droid turbo <number> .",neutral,neutral,0.4661886692047119,0.28874796628952026,0.4661886692047119,0.2450634092092514
please add live radar widget!,positive,neutral,0.4912159740924835,0.31603431701660156,0.4912159740924835,0.1927497386932373
can't quickly link to specific page or bookmark. sucks. quick office is much better for reading pdfs.,negative,neutral,0.6519639492034912,0.24439704418182373,0.6519639492034912,0.10363905131816864
it dose not let you do anything,negative,negative,0.7705954313278198,0.7705954313278198,0.1960372030735016,0.03336736932396889
hourly doesn't match the <number> day,neutral,negative,0.7278899550437927,0.7278899550437927,0.2323978692293167,0.03971213847398758
it's a good app,positive,positive,0.68100905418396,0.017489831894636154,0.3015010952949524,0.68100905418396
good app edit picture,positive,positive,0.6012075543403625,0.022215742617845535,0.3765767216682434,0.6012075543403625
can't bookmark the page! it's hard to read an e-book and remember the page number. i will delete.,negative,negative,0.5549584627151489,0.5549584627151489,0.39130955934524536,0.05373191833496094
use for fast download,positive,positive,0.5567478537559509,0.03916138410568237,0.4040907621383667,0.5567478537559509
used to be the <signature>,negative,negative,0.8548643589019775,0.8548643589019775,0.1237850934267044,0.021350519731640816
better than most. quick and easy,positive,positive,0.7416049242019653,0.023218238726258278,0.23517684638500214,0.7416049242019653
"not fast in sending and receiving messages, the app needs to be worked on.",negative,neutral,0.7036029100418091,0.17166365683078766,0.7036029100418091,0.12473341822624207
local adjustment not appearing,positive,neutral,0.6923826932907104,0.17536716163158417,0.6923826932907104,0.13225020468235016
used to be great,negative,negative,0.8675631880760193,0.8675631880760193,0.11294673383235931,0.01949007622897625
just got it <url> fingers crossed,neutral,neutral,0.5379050374031067,0.2568289339542389,0.5379050374031067,0.20526596903800964
best pic editing <url>,positive,positive,0.6762458086013794,0.037507064640522,0.2862471342086792,0.6762458086013794
no bookmark or jump page. doesnt remember where i was when closed,negative,negative,0.7776888012886047,0.7776888012886047,0.1876872181892395,0.03462398052215576
"good. only complaint is that sometimes the location on my lock screen is not my current location, but a random one from my saved places.",positive,positive,0.5065383911132812,0.01816469430923462,0.47529688477516174,0.5065383911132812
for the older version,neutral,neutral,0.5266866683959961,0.2508944272994995,0.5266866683959961,0.2224189192056656
"this app is pretty good, but i wish i could use this in my normal keyboard and i hope that it will be animated and have a transparent background",positive,positive,0.5267599821090698,0.018533578142523766,0.4547065198421478,0.5267599821090698
it's very accurate and good,positive,positive,0.7465159296989441,0.019738342612981796,0.23374567925930023,0.7465159296989441
loved it till i got a new phone,negative,neutral,0.5293825268745422,0.1672886162996292,0.5293825268745422,0.30332881212234497
works ok but crashes when i rotate my archos <number> .,neutral,neutral,0.7682999968528748,0.05355090647935867,0.7682999968528748,0.17814916372299194
bloats <number> megs needs to be movable to <url>,negative,neutral,0.592335045337677,0.2681781053543091,0.592335045337677,0.13948683440685272
shares the way it wants without permission,negative,neutral,0.5491217374801636,0.21039995551109314,0.5491217374801636,0.2404782474040985
external storage for cache,neutral,neutral,0.6309331655502319,0.1566624641418457,0.6309331655502319,0.21240432560443878
the radar map is practically useless now,negative,negative,0.9174883365631104,0.9174883365631104,0.06421051174402237,0.018301110714673996
will not select the correct current location.,negative,neutral,0.5178082585334778,0.3981097936630249,0.5178082585334778,0.08408202230930328
cant edit my avatar and cant log in!!,negative,negative,0.8340559601783752,0.8340559601783752,0.1421685367822647,0.023775523528456688
this is worse than what we call pathetic when it comes to mobile app.,negative,negative,0.9159609079360962,0.9159609079360962,0.06771543622016907,0.016323581337928772
updated to make it worst,negative,negative,0.8321276307106018,0.8321276307106018,0.13828445971012115,0.029587864875793457
the trees do not die when i leave the app which is what the app was supposed to do should i have left the app to use other apps like ig or youtube,negative,negative,0.6372953653335571,0.6372953653335571,0.28578296303749084,0.07692170143127441
new version is a major step back,negative,neutral,0.552006185054779,0.20534998178482056,0.552006185054779,0.24264389276504517
awesome and secure app,positive,positive,0.7958070635795593,0.03138681501150131,0.17280609905719757,0.7958070635795593
awful app. really awful.,negative,negative,0.9349214434623718,0.9349214434623718,0.05048219487071037,0.014596359804272652
would rate <number> <url>,negative,neutral,0.6414254307746887,0.15093994140625,0.6414254307746887,0.20763461291790009
"makes an incredibly annoying and loud clicking sound through the speakers whenever you take a photo, with no ability to disable it.",neutral,neutral,0.5159515738487244,0.3827442228794098,0.5159515738487244,0.10130421072244644
it's nice but some problems r there,neutral,neutral,0.5895540714263916,0.019458604976534843,0.5895540714263916,0.3909873068332672
have used it for years,positive,positive,0.5158333778381348,0.14755374193191528,0.33661288022994995,0.5158333778381348
hope it supports split screen,positive,neutral,0.6680307984352112,0.06716462969779968,0.6680307984352112,0.26480454206466675
good app to <url> i alwayz prefer uc browser to <url>,positive,positive,0.5449721217155457,0.030245700851082802,0.4247820973396301,0.5449721217155457
some issues but otherwise excellent,positive,neutral,0.5723525881767273,0.020288052037358284,0.5723525881767273,0.4073593318462372
"this app is great, allows you to edit raw files, and almost has all the same options as a desktop/laptop version. the only thing i would really love to see is a brush setting, really all it needs for <number> stars in my books!",positive,positive,0.7762215733528137,0.02861182577908039,0.19516661763191223,0.7762215733528137
basic stuff done well,neutral,positive,0.5457416772842407,0.06253261864185333,0.3917257487773895,0.5457416772842407
unfriendly to free users,negative,negative,0.8757609128952026,0.8757609128952026,0.10201641172170639,0.02222266234457493
crashed my phone twice in a row doing nothing more then trying to read a <url>,negative,negative,0.862502932548523,0.862502932548523,0.11453120410442352,0.02296578511595726
has become unreliable and very inaccurate. loved it and now will get rid of because of terrible forecasts.,negative,negative,0.8403184413909912,0.8403184413909912,0.13442674279212952,0.025254767388105392
still no group contacts like old bbm,negative,neutral,0.6741346120834351,0.17244336009025574,0.6741346120834351,0.1534220576286316
"slow loading, double notifications",neutral,neutral,0.699809730052948,0.17785480618476868,0.699809730052948,0.12233546376228333
i love this app but sometimes it is really lagging.,positive,neutral,0.6525774002075195,0.039008237421512604,0.6525774002075195,0.30841436982154846
freezes when opening pdfs. useless. root droid <number> . <number>,negative,negative,0.8517124652862549,0.8517124652862549,0.12364140897989273,0.024646097794175148
"really nice app ,with grt way to analyse yr productivity",positive,positive,0.741248607635498,0.02201370894908905,0.2367377132177353,0.741248607635498
great but one major problem,positive,positive,0.558549702167511,0.03217511624097824,0.4092751443386078,0.558549702167511
this program needs to be able to jump to specific pages in the pdf. i have a <number> page set of blueprints in need to access multiple times daily. fix,negative,neutral,0.6530306339263916,0.20301437377929688,0.6530306339263916,0.14395497739315033
something went wrong before i could access this app. immediately <url> viruses needed.,negative,negative,0.7556794881820679,0.7556794881820679,0.20475512742996216,0.03956545144319534
last update problem when search number adults,negative,neutral,0.6104139089584351,0.25321298837661743,0.6104139089584351,0.1363731026649475
very good app very easy,positive,positive,0.746169924736023,0.022204816341400146,0.23162522912025452,0.746169924736023
it's good app and doesn't contain virus,positive,positive,0.5440901517868042,0.016519175842404366,0.4393906891345978,0.5440901517868042
please add widgets for slack,positive,neutral,0.5884528756141663,0.07904297113418579,0.5884528756141663,0.33250418305397034
add hdr support for htc <number> please!,neutral,neutral,0.6018479466438293,0.13588844239711761,0.6018479466438293,0.26226356625556946
"suddenly it's killing all my trees it's was working perfectly, but now i keep getting a ""unknown app'",negative,neutral,0.5813729763031006,0.31921711564064026,0.5813729763031006,0.09940987825393677
well <url> you need access to my files and my camera ? looks like an insecure joke. i 'll install once we are back to serious.,negative,neutral,0.5809155106544495,0.3134118318557739,0.5809155106544495,0.10567273199558258
this app is <url> not as expected,negative,neutral,0.5935866236686707,0.2919030785560608,0.5935866236686707,0.11451030522584915
please add remind me option,neutral,neutral,0.5082238912582397,0.06454497575759888,0.5082238912582397,0.42723116278648376
"original user interface, very usable.",positive,neutral,0.6327481269836426,0.052759166806936264,0.6327481269836426,0.31449273228645325
i use this site for booking over night stays when going on holiday. good hotel and great staff.,positive,positive,0.7870604395866394,0.027314258739352226,0.18562528491020203,0.7870604395866394
can't access my account,negative,negative,0.7789288759231567,0.7789288759231567,0.19095833599567413,0.030112817883491516
very useful to find non-chain hotels--saving lots of money when all you need is a clean room and a servicable bed.,positive,positive,0.7259198427200317,0.021108152344822884,0.2529720067977905,0.7259198427200317
"love it, something for almost every occasion!",positive,positive,0.7799550294876099,0.03260592371225357,0.18743902444839478,0.7799550294876099
doesn't format text correctly,neutral,negative,0.5228099226951599,0.5228099226951599,0.41296812891960144,0.06422199308872223
"despite all these new pdf readers, this app provides very good benefits",positive,positive,0.7260168790817261,0.021909199655056,0.2520739734172821,0.7260168790817261
love it but hate it,neutral,neutral,0.5400821566581726,0.049319010227918625,0.5400821566581726,0.41059884428977966
great application. efficient way to browse and book accommodation.,neutral,positive,0.769324541091919,0.02462576888501644,0.20604968070983887,0.769324541091919
great mutch eadier than website. quick and convenient,positive,positive,0.7409116625785828,0.026883376762270927,0.23220497369766235,0.7409116625785828
excellent. not needing any permissions is cool.,neutral,positive,0.4916440546512604,0.022882068529725075,0.4854738116264343,0.4916440546512604
"works pretty good, nice to finally have this on android.",positive,positive,0.7358233332633972,0.01954851672053337,0.2446281909942627,0.7358233332633972
to boring and to many adds,negative,neutral,0.6246776580810547,0.21807056665420532,0.6246776580810547,0.15725177526474
reply from notification and remove bbm channels,neutral,neutral,0.46894094347953796,0.3762950301170349,0.46894094347953796,0.15476399660110474
love the app but current temperature doesn't stay in the notification bar even though i have it set to go the settings. please fix. i have to constantly open the app for current temp.,positive,neutral,0.6298477649688721,0.06712697446346283,0.6298477649688721,0.3030252158641815
i like it . works great,neutral,positive,0.7713916301727295,0.03899272531270981,0.18961559236049652,0.7713916301727295
it's good for documents viewings and managing.,positive,positive,0.6646581292152405,0.016697349026799202,0.3186444640159607,0.6646581292152405
it's good but not too much <url> it's working well,positive,neutral,0.7366533279418945,0.03129159286618233,0.7366533279418945,0.23205503821372986
pic porn on ads,negative,negative,0.6839423775672913,0.6839423775672913,0.26513704657554626,0.05092059448361397
dope! i wish there was a batch deletion feature.,positive,neutral,0.48690709471702576,0.4033663868904114,0.48690709471702576,0.10972652584314346
"worked great for years but now it double posts everything i send on my chromebook. love it on every other <url> iphone, mac. i hope this is fixed in the next <url> !",neutral,positive,0.6353121399879456,0.057011689990758896,0.30767613649368286,0.6353121399879456
"sering error, but it's fine. still working",positive,neutral,0.7460782527923584,0.042653463780879974,0.7460782527923584,0.21126824617385864
full of bugs. i can claim the reward but my coins doesn't increase at all????,negative,neutral,0.5192580223083496,0.3867669105529785,0.5192580223083496,0.09397502988576889
reliable when signal is good,positive,positive,0.5506200194358826,0.02402401715517044,0.42535600066185,0.5506200194358826
love it and hate it.,neutral,neutral,0.42213186621665955,0.3483443856239319,0.42213186621665955,0.22952373325824738
would be good if you could delete after finished!,neutral,neutral,0.5391104221343994,0.022105243057012558,0.5391104221343994,0.43878427147865295
works for me. only one i ever use.,positive,positive,0.4355601966381073,0.1633090078830719,0.4011308252811432,0.4355601966381073
error <url> do not work. i'm having <number> . <number> . <number> <url> still not working .,negative,negative,0.8703007698059082,0.8703007698059082,0.1049363911151886,0.024762913584709167
it is very good but it needs more options on the facial features and the body motifications,positive,neutral,0.5516997575759888,0.018795905634760857,0.5516997575759888,0.4295043647289276
takes up <number> percent of the <url> saves everything u <url> good for a <url> have motorola droid.,negative,neutral,0.7194092273712158,0.1527293622493744,0.7194092273712158,0.12786146998405457
nice <url> was using this <url> information for news and latest updates,neutral,positive,0.5587647557258606,0.06619299203157425,0.37504225969314575,0.5587647557258606
"the whitelist doesn't <url> no matter what i do, my tree dies.",neutral,negative,0.8296757936477661,0.8296757936477661,0.1427854597568512,0.027538776397705078
"good app, but lacking android wear (and thus pebble) support. i prefer google hangouts to slack because of this missing functionality.",neutral,neutral,0.7197533845901489,0.03456057235598564,0.7197533845901489,0.24568602442741394
great but too much phone access,neutral,neutral,0.6122756004333496,0.028054995462298393,0.6122756004333496,0.35966938734054565
if you can't offer better pricing you're useless,negative,negative,0.8646093010902405,0.8646093010902405,0.11184336245059967,0.023547343909740448
seriously your ad blocker never works everytime i go to movies site pop up ads pop ups every second very irritating don't <url> u will never get good surfing experience,negative,negative,0.801235020160675,0.801235020160675,0.16991589963436127,0.028849011287093163
minimize category and bbm group user friendly,positive,neutral,0.5104683637619019,0.07310651987791061,0.5104683637619019,0.41642510890960693
it doesn't save the last page you were on. it's annoying.,neutral,neutral,0.5108276009559631,0.4125549793243408,0.5108276009559631,0.07661742717027664
please add something which shows you how long you've worked for each day and maybe a graph for comparing different working times,neutral,positive,0.49470898509025574,0.03586087003350258,0.4694300889968872,0.49470898509025574
not bad better than other,positive,neutral,0.7144032716751099,0.08480150252580643,0.7144032716751099,0.20079529285430908
i like the radar and spark. i work outside so that helps. the temp though? <url> but i guess that's what you get when trying to predict the actions of the most volatile woman in existence. mother nature of course.,neutral,positive,0.5125380158424377,0.041739221662282944,0.445722758769989,0.5125380158424377
why it is asking to download uc browser when i am going to download song and i don't want to download uc browser,negative,negative,0.5314878225326538,0.5314878225326538,0.3967946171760559,0.07171761244535446
"awesome app!! it helps me a <url> i think it will be better if it had a <url> like we can time when it will start <url> sometimes i like to use my phone a lot. like before bed or using my phone at <url> smting like that. if you had the timer, we can set our work time so we would not play phones at certain <url> but still this app is great!!",positive,positive,0.7516584992408752,0.02679438516497612,0.22154711186885834,0.7516584992408752
good app but <url>,neutral,neutral,0.6894964575767517,0.034283559769392014,0.6894964575767517,0.27622008323669434
does the job it aims to do,neutral,positive,0.7067021131515503,0.05054864287376404,0.24274922907352448,0.7067021131515503
ridiculous. why the hell i cannot move it to memory card?,negative,negative,0.9286901950836182,0.9286901950836182,0.05536054074764252,0.015949266031384468
download error problem network gone after network connected again donwload doesn't resume,neutral,negative,0.7214434742927551,0.7214434742927551,0.2336033135652542,0.044953230768442154
"i would give this app more stars if it weren't for the inability to get an overview of the total number of hours sunk into each tag rather than just a percentage, extend the amount of time you want on the fly and to filter by multiple tags vs either only one or all at the moment.",neutral,neutral,0.5730488896369934,0.03742958977818489,0.5730488896369934,0.3895215690135956
"its cool, i love it",neutral,positive,0.7295858860015869,0.02532561495900154,0.24508844316005707,0.7295858860015869
warning. bad apps. this apps cheat ur money on cancelation,negative,negative,0.9179925918579102,0.9179925918579102,0.06630081683397293,0.015706663951277733
please fix!! then <number> stars,negative,neutral,0.43598148226737976,0.4140022099018097,0.43598148226737976,0.15001635253429413
it's ok this apps,positive,neutral,0.6429327130317688,0.023885443806648254,0.6429327130317688,0.33318182826042175
please add support for links inside pdf! great app but i really miss that feature!!,neutral,positive,0.7249636054039001,0.02585000731050968,0.2491864264011383,0.7249636054039001
weatherbug was better <number> years back than it is now. i do not like the last few updates. the maps not as good especially showing cloud cover with storms or without. the layers is really sib par from the way it was. now for the last <number> days its shutting down for no reason,neutral,negative,0.46344926953315735,0.46344926953315735,0.4630967080593109,0.07345405966043472
uc helpful but it's have many bad <url>,positive,neutral,0.7077316641807556,0.04072312265634537,0.7077316641807556,0.251545250415802
it tells me what i need to know,positive,positive,0.54805988073349,0.05046696215867996,0.40147316455841064,0.54805988073349
addicted to phone? this is the app,positive,negative,0.8727355003356934,0.8727355003356934,0.10532129555940628,0.021943213418126106
works well but beware the enormous memory use for data. if this could be stored on sd card then i would give <number> stars. as it is may have to uninstall.,neutral,neutral,0.7452178597450256,0.05383286625146866,0.7452178597450256,0.2009493112564087
nice app for viewing documents!!! have been using it since many years!,positive,positive,0.7851592302322388,0.026064319536089897,0.18877652287483215,0.7851592302322388
doesn't have a logout option,positive,neutral,0.504953145980835,0.4204457402229309,0.504953145980835,0.0746011883020401
enlarge capacity for sending video,neutral,neutral,0.6893112063407898,0.12370241433382034,0.6893112063407898,0.18698635697364807
"it needs to have color, hairstyles and have character friends we pick on the lists to be in emojis too. plus can we have clothes come from video games and movies. plz",positive,neutral,0.6221182346343994,0.06106789410114288,0.6221182346343994,0.3168138861656189
excellent considering all i want is pdf reader. but confused why such a basic thing like bookmarks is missing! the page nav good but never accurate,neutral,neutral,0.6398413181304932,0.03014225699007511,0.6398413181304932,0.3300163149833679
very funny! it crashes in my s <number> edge+,negative,negative,0.6405503749847412,0.6405503749847412,0.2980245053768158,0.06142517551779747
cant book in alantic city nj,negative,neutral,0.47720497846603394,0.4328833520412445,0.47720497846603394,0.08991164714097977
learnt about it hope it is going to be <url>,neutral,neutral,0.5522274374961853,0.160622701048851,0.5522274374961853,0.2871498465538025
i think it is cool because you can use it for anything and could make stories etc.,positive,positive,0.5290132164955139,0.021982336416840553,0.4490044116973877,0.5290132164955139
"so powerful, yet so limited.",neutral,neutral,0.7426549196243286,0.04944172874093056,0.7426549196243286,0.20790331065654755
i really like this app. have a lot of fun with it when i send text messages. haven't had any problems with it.,neutral,positive,0.7454971671104431,0.025941314175724983,0.22856150567531586,0.7454971671104431
new icon is really lame. looks like google <url> hahaha. binit,negative,negative,0.6192212104797363,0.6192212104797363,0.32947802543640137,0.05130087211728096
easy and convenient to use,positive,positive,0.7533197999000549,0.021270951256155968,0.22540917992591858,0.7533197999000549
holy data <url> people please!,negative,negative,0.40035444498062134,0.40035444498062134,0.39346423745155334,0.2061813622713089
screw you slack for arbitrarily forcing everyone on mobile to download this utterly superfluous client while your services run well in browser.,negative,negative,0.9006088972091675,0.9006088972091675,0.08047153055667877,0.018919620662927628
sometime. . force close hard launch,neutral,neutral,0.4703856408596039,0.4247485399246216,0.4703856408596039,0.10486581921577454
"slow, and hang when zoom",negative,neutral,0.6484940648078918,0.23906171321868896,0.6484940648078918,0.112444207072258
"the app is really good. i find it really fun but i suggest that you guys add piercings, birthmarks, beauty marks and things like that, maybe even allow more then two bitmoji characters. other than that, the app is really good",positive,positive,0.5991998910903931,0.01687704026699066,0.38392308354377747,0.5991998910903931
"would pay extra to get the ads to go away. otherwise, very good.",neutral,positive,0.5543427467346191,0.0198122039437294,0.42584502696990967,0.5543427467346191
beware making fool and cheating beware,negative,negative,0.9151776432991028,0.9151776432991028,0.06716753542423248,0.01765488274395466
what happened to the paid version?,negative,negative,0.8215423822402954,0.8215423822402954,0.14726969599723816,0.031187912449240685
good <number> st version - htc one m <number>,positive,positive,0.5734454393386841,0.023964539170265198,0.4025900363922119,0.5734454393386841
great app use it to store music in,positive,positive,0.7725357413291931,0.04158550128340721,0.18587875366210938,0.7725357413291931
"could use a bit of <url> other than that, great concept and idea!",neutral,positive,0.7053377032279968,0.02946901135146618,0.2651933431625366,0.7053377032279968
more customizable than the other guy but not as complete as i'd like,positive,neutral,0.7093849778175354,0.0403749905526638,0.7093849778175354,0.2502399682998657
"i always like this app since i used my old curve. but the ads kill me, hahahaha.",positive,negative,0.5346717834472656,0.5346717834472656,0.39247286319732666,0.0728553831577301
"what a crappy app. rim can do much betta than this. wanted to give it a zero star but that option ain't available, i wonder why.",negative,negative,0.8656477332115173,0.8656477332115173,0.11166859418153763,0.02268359437584877
it's a good app . it saved my mobile from getting virus into my mobile,positive,positive,0.6934043765068054,0.017904430627822876,0.2886911630630493,0.6934043765068054
it's really nice !!!,neutral,positive,0.7502644062042236,0.020164061337709427,0.22957155108451843,0.7502644062042236
"the prices are super high. like,the great <url> a billionaire could pay, but they would be poor afterwards. don't use!",negative,negative,0.7552761435508728,0.7552761435508728,0.2110150009393692,0.03370879590511322
"great local forecast, maybe because i live near their headquarters. it works great when i travels as well.",positive,positive,0.7530924081802368,0.02689971588551998,0.22000789642333984,0.7530924081802368
not very compatible with pomodoro technique,neutral,neutral,0.7055091261863708,0.16110406816005707,0.7055091261863708,0.13338682055473328
very useful and reliable app. documents are available offline which i find very convenient,positive,positive,0.7766204476356506,0.025027288123965263,0.19835226237773895,0.7766204476356506
too many ads! hate it,negative,negative,0.9102658033370972,0.9102658033370972,0.07416407763957977,0.015570241957902908
good but i don't like this app becouse of that annoying ads please remove this <url>,negative,neutral,0.685881495475769,0.04977579414844513,0.685881495475769,0.26434266567230225
improve android app please,neutral,neutral,0.600649893283844,0.09949729591608047,0.600649893283844,0.29985278844833374
not happy over my profile picture,neutral,negative,0.5460968613624573,0.5460968613624573,0.38577061891555786,0.06813253462314606
foxit reader is more convenient,positive,neutral,0.6111897230148315,0.048541054129600525,0.6111897230148315,0.34026920795440674
"cute, simple and motivating!",positive,positive,0.7781835794448853,0.02527184598147869,0.1965445578098297,0.7781835794448853
good but could be better,positive,neutral,0.6823818683624268,0.027203287929296494,0.6823818683624268,0.2904147803783417
"one of the essential apps, but imperfectly realized in android",positive,neutral,0.7112322449684143,0.061585720628499985,0.7112322449684143,0.2271820604801178
like it but too much ads,positive,neutral,0.6883000135421753,0.04174523800611496,0.6883000135421753,0.26995474100112915
still very lame. can't open pdfs that are image scans. cmon adobe. really?,negative,negative,0.6334655284881592,0.6334655284881592,0.31283071637153625,0.05370376631617546
"after unable to launch get fixed in the update last night, all my past <number> days history is gone <url> all my lemon <url> this how the developer improve performance? very <url>",negative,negative,0.790780782699585,0.790780782699585,0.16853049397468567,0.04068869724869728
you better call it off. useless.,negative,negative,0.9337610006332397,0.9337610006332397,0.05066603049635887,0.015573007985949516
as good as the web version,positive,positive,0.6341655850410461,0.020849961787462234,0.3449844717979431,0.6341655850410461
just updated bbm and all of my chat history disappeared! need a way to restore it. pls fix it.,neutral,negative,0.7630959749221802,0.7630959749221802,0.20104755461215973,0.035856474190950394
<salutation> can't even open password protected files. waste of time and memory,negative,negative,0.9059005379676819,0.9059005379676819,0.07422014325857162,0.019879288971424103
i dont understand this ap,neutral,negative,0.757293164730072,0.757293164730072,0.20366215705871582,0.03904467076063156
its a very good app,positive,positive,0.7199498414993286,0.02031773328781128,0.25973236560821533,0.7199498414993286
good website for hotels. plenty of options and many with free cancellation.,positive,positive,0.6776257157325745,0.018325835466384888,0.30404847860336304,0.6776257157325745
bad very very bad. in all website you have ads <url> is <url> <url> bad things <url> <url>,negative,negative,0.9270259737968445,0.9270259737968445,0.057949498295784,0.015024501830339432
claims app <number> sd but <url> no option to move from phone to sd card. it's a <number> +mb app. htc di <number> . <number>,neutral,neutral,0.6165258288383484,0.27266785502433777,0.6165258288383484,0.11080631613731384
"unnecessary app, please kill it.",negative,negative,0.8632698655128479,0.8632698655128479,0.11122401058673859,0.025506198406219482
my favorite way to communicate,positive,positive,0.7135111689567566,0.049717243760824203,0.2367715984582901,0.7135111689567566
quickly opens up the pdf <url> and very user friendly,positive,positive,0.7182801365852356,0.027645517140626907,0.2540743052959442,0.7182801365852356
force closed after update,neutral,negative,0.8110096454620361,0.8110096454620361,0.15113231539726257,0.03785804659128189
this app is nice for safe <url>,neutral,positive,0.6495975852012634,0.023482652381062508,0.326919823884964,0.6495975852012634
brings so much important info to my phone in an easy to use format.,positive,positive,0.692755937576294,0.029291395097970963,0.2779526710510254,0.692755937576294
very nice and helpful app,positive,positive,0.7865641713142395,0.027084538713097572,0.18635126948356628,0.7865641713142395
don't send fake news,neutral,negative,0.668006181716919,0.668006181716919,0.2790111005306244,0.05298271030187607
it asks for login every time i start it and that is very annoying. on my ipad it does not behave that way.,neutral,negative,0.59686279296875,0.59686279296875,0.3523183763027191,0.05081886053085327
update <url> bisa copy comment di picture group <url> info bagaimana cara copy coment nya?,negative,neutral,0.42832472920417786,0.41368749737739563,0.42832472920417786,0.15798772871494293
"good so far on phone, afraid to install on laptop, had a older version that wouldn't go away and had constant ads and pop-ups",positive,positive,0.49352312088012695,0.022020719945430756,0.4844561517238617,0.49352312088012695
this app is far too big.,negative,neutral,0.6028243899345398,0.26953697204589844,0.6028243899345398,0.12763866782188416
this is a good app,positive,positive,0.7109022736549377,0.022060740739107132,0.26703697443008423,0.7109022736549377
"i'm heard about security concerns related to this browser, can u explain it?",neutral,neutral,0.572734534740448,0.24734866619110107,0.572734534740448,0.17991681396961212
worst app in world,negative,negative,0.9323031306266785,0.9323031306266785,0.052742794156074524,0.014954131096601486
i wish i could make funnies with my friends in them. not just in snapchat. otherwise a very fun app.,positive,positive,0.7143063545227051,0.02098827250301838,0.2647053301334381,0.7143063545227051
its alright but got a long way to go to better repligo. need to be able to skip to chapters and double tap zoom should fit paragraph to screen width,neutral,neutral,0.6758044362068176,0.02381678856909275,0.6758044362068176,0.3003787398338318
just missing an iphone feature.,positive,neutral,0.7477628588676453,0.10488588362932205,0.7477628588676453,0.14735127985477448
not as good as on the blackberry phones doesn't show a red star to let you know you have an unread message unless you open the app,neutral,neutral,0.7572575807571411,0.11494085192680359,0.7572575807571411,0.12780159711837769
excellent with some improvements,positive,positive,0.7568010091781616,0.022340817376971245,0.2208581268787384,0.7568010091781616
add fonts and stuff,positive,neutral,0.5130877494812012,0.05823376029729843,0.5130877494812012,0.4286785125732422
please add some more features,positive,neutral,0.5362687706947327,0.05191050469875336,0.5362687706947327,0.4118207097053528
wish you could choose a friends to be part of the emoji,neutral,neutral,0.5549583435058594,0.043985627591609955,0.5549583435058594,0.4010559916496277
this app is useless. if i hit the home button the app plays in the background of my phone without the tree dying. that literally defeats the entire purpose of the app,negative,negative,0.9320834279060364,0.9320834279060364,0.05200079828500748,0.015915878117084503
now i accepted it,positive,neutral,0.4214183986186981,0.2130841314792633,0.4214183986186981,0.36549752950668335
support for password protected documents.,neutral,neutral,0.5439358353614807,0.04541688412427902,0.5439358353614807,0.41064727306365967
discord came out and improved on slack in every way. there is no reason to use this trash anymore.,negative,negative,0.9198135733604431,0.9198135733604431,0.06468167155981064,0.015504788607358932
not anymore waste of time,negative,negative,0.8869137763977051,0.8869137763977051,0.09213202446699142,0.020954154431819916
not able to sign in,negative,negative,0.5360950827598572,0.5360950827598572,0.3823779821395874,0.0815269947052002
edit: i found the lemons and how to kill trees,positive,neutral,0.5153570771217346,0.24508124589920044,0.5153570771217346,0.23956170678138733
always eror <url> this app,negative,neutral,0.398666113615036,0.2772360146045685,0.398666113615036,0.3240978419780731
has too much space for ads. premium for login. there are more user friendly ways to monetize your app. the concept is ok but poorly executed,negative,neutral,0.7751337885856628,0.08712343871593475,0.7751337885856628,0.1377427577972412
"since using a new update, my htc one x, always not <url>",negative,negative,0.6521990299224854,0.6521990299224854,0.29622682929039,0.05157417431473732
wpupd give more stars if we could use this app on fb messenger,neutral,neutral,0.5929113030433655,0.23461754620075226,0.5929113030433655,0.17247118055820465
"not more reliable as the desktop app, but it is enough to get by",neutral,neutral,0.7558141946792603,0.04319382086396217,0.7558141946792603,0.20099195837974548
does not open all pdf files that you can open with adobe on the pc. uninstalled.,negative,negative,0.9154773950576782,0.9154773950576782,0.06528592854738235,0.019236765801906586
"really bad. zoom removes text, outer viewmode locks scrolling etc etc",negative,negative,0.9033651351928711,0.9033651351928711,0.07740454375743866,0.019230296835303307
i think the app is ment for book worms and book worms like me love it,neutral,positive,0.7477937936782837,0.04026314988732338,0.21194303035736084,0.7477937936782837
chat app or ads app,negative,negative,0.5433035492897034,0.5433035492897034,0.36378687620162964,0.09290957450866699
"good accuracy, clean look and good features.",positive,positive,0.7400689721107483,0.018400317057967186,0.241530641913414,0.7400689721107483
tree doesn't whether if i leave the app n play game this app sucks,negative,negative,0.8969703912734985,0.8969703912734985,0.08697482943534851,0.016054751351475716
even worse than photoshop,negative,negative,0.7240074276924133,0.7240074276924133,0.23220863938331604,0.04378391429781914
begging for bookmark and copy paste option <url>,neutral,negative,0.5011793375015259,0.5011793375015259,0.42365726828575134,0.07516340911388397
forgets where i was when killed by the system,neutral,neutral,0.4704348146915436,0.42452481389045715,0.4704348146915436,0.10504034906625748
very good. am no lonnger using infinix <number> am using mi note and it is very difficut for me to update my mi note phone.,neutral,positive,0.5265911221504211,0.027276765555143356,0.4461321234703064,0.5265911221504211
not easy to use,neutral,neutral,0.6940673589706421,0.17884249985218048,0.6940673589706421,0.12709012627601624
good app but huge filespace,neutral,neutral,0.5742992162704468,0.023685451596975327,0.5742992162704468,0.4020152986049652
no substitute for this great secure app for mobile communication in real time,positive,positive,0.6181114912033081,0.06009107455611229,0.3217974305152893,0.6181114912033081
not for bald people,negative,neutral,0.5712191462516785,0.30342236161231995,0.5712191462516785,0.12535855174064636
really useful app. totally enjoyed using it. i had downloaded this without many expectations but the simplicity and perfection that this app delivered totally blew me away. hats off to the developers !! keep up the great work !!,positive,neutral,0.5332815051078796,0.15896616876125336,0.5332815051078796,0.3077523112297058
"it's a good app overall, but the hourly forecast is totally unreliable. if the amatuers at weather underground can get it right <number> % of the time, why is weatherbug wrong <number> % of the time? c'mon folks, it's obviously do-able, so please try putting in the effort to get it right in the future (or at least check out the weather underground site and copy their work).",neutral,neutral,0.5967270731925964,0.023294202983379364,0.5967270731925964,0.379978746175766
so so. like other apps in the play store. nothing special.,neutral,neutral,0.651881217956543,0.08839739114046097,0.651881217956543,0.2597213685512543
the standard tool for exchanging documents online,positive,positive,0.6792469620704651,0.03912825882434845,0.28162482380867004,0.6792469620704651
please fix some bug n i will give u <number> star,neutral,neutral,0.5868557691574097,0.17724652588367462,0.5868557691574097,0.23589767515659332
great app over all,positive,positive,0.7561641335487366,0.059689171612262726,0.1841467320919037,0.7561641335487366
the app is interactive and has all the required functions.,positive,positive,0.5788562297821045,0.042788196355104446,0.37835556268692017,0.5788562297821045
it's ok but the follow me is crap,neutral,neutral,0.7754608988761902,0.039377618581056595,0.7754608988761902,0.1851615607738495
update every <number> minutes,neutral,neutral,0.48060211539268494,0.37435096502304077,0.48060211539268494,0.1450468748807907
"i have installed and uninstalled repeated this several times, all it wants to do is update continuously. i can't use it at all.",negative,negative,0.9161504507064819,0.9161504507064819,0.06753396987915039,0.016315575689077377
used battery most show identity,negative,neutral,0.5465010404586792,0.2765919268131256,0.5465010404586792,0.17690704762935638
should have more filtering options. should stop nagging for a review when you've already posted one.,neutral,neutral,0.7524650692939758,0.06426931172609329,0.7524650692939758,0.1832655966281891
"after reservation want to add rooms but app just crash, keep loading",negative,neutral,0.47245603799819946,0.4490121006965637,0.47245603799819946,0.07853180915117264
lost in the translation,negative,negative,0.7073714137077332,0.7073714137077332,0.2381889671087265,0.05443958565592766
new version is much slower than the last. loading messages and channels feels sluggish and tedious.,negative,neutral,0.7148337364196777,0.1725001037120819,0.7148337364196777,0.11266614496707916
where did the precipitation amounts go?,negative,neutral,0.5842695832252502,0.24331524968147278,0.5842695832252502,0.1724151372909546
"it's nice, but it would be great there'd be some piercings",positive,positive,0.5174327492713928,0.017021268606185913,0.46554598212242126,0.5174327492713928
it's a good app,positive,positive,0.68100905418396,0.017489831894636154,0.3015010952949524,0.68100905418396
good but could be better,positive,neutral,0.6823818683624268,0.02720329537987709,0.6823818683624268,0.2904147505760193
last update hosed app,negative,negative,0.7880223393440247,0.7880223393440247,0.1740225851535797,0.037955038249492645
"it keeps crashing. i like yet very annoying to keep <url> , weather stopped working.",neutral,neutral,0.6553236246109009,0.22409579157829285,0.6553236246109009,0.12058056145906448
the app would be better if you let us use calculator and <url> bcoz sometimes while studying you have to google something <url> just a suggestion.,neutral,neutral,0.6235437989234924,0.04263532906770706,0.6235437989234924,0.3338208794593811
"i love the amount of data and the warnings. however in the last <number> months the application has failed to work often at least once a day. if this issue could be solved, i would give the app <number> stars.",neutral,neutral,0.48920708894729614,0.03852670267224312,0.48920708894729614,0.472266286611557
you just need to add box braids as a hairstyle,positive,neutral,0.5492831468582153,0.0563640296459198,0.5492831468582153,0.3943527936935425
its nice to receive anything,positive,positive,0.6978196501731873,0.01779043860733509,0.2843898832798004,0.6978196501731873
this app is awful,negative,negative,0.9159019589424133,0.9159019589424133,0.06896030157804489,0.015137727372348309
"bummer! now i am a former usser!!!! no-ads weatherbug, where are you? hello?",negative,negative,0.7759849429130554,0.7759849429130554,0.18653550744056702,0.037479549646377563
good for an <url>,neutral,positive,0.5209336280822754,0.024250540882349014,0.4548158347606659,0.5209336280822754
this is very bad,neutral,negative,0.9146570563316345,0.9146570563316345,0.06732811033725739,0.018014822155237198
doesnt work on the gs <number>,negative,negative,0.9143881797790527,0.9143881797790527,0.06897149235010147,0.016640394926071167
too much ads not good for kids,neutral,neutral,0.7367034554481506,0.12725135684013367,0.7367034554481506,0.1360451579093933
not working properly in android above <number> . <number>,positive,negative,0.6164846420288086,0.6164846420288086,0.3157972991466522,0.067718006670475
slow sometimes especially during video and audio calls. the app just hangs and stops working.,positive,neutral,0.692649245262146,0.2001112699508667,0.692649245262146,0.10723951458930969
if i could alter the apps appearance to allow for inverted colour schemes i would give it <number> stars other than that this is a brilliant app.,positive,positive,0.7606016397476196,0.030593713745474815,0.2088046371936798,0.7606016397476196
one of the <signature>,neutral,positive,0.7592918872833252,0.04555092751979828,0.1951572448015213,0.7592918872833252
"it's not working for me, i'm using samsung tab <number> mini, it's asking for confirmation of date of birth",negative,negative,0.7077718377113342,0.7077718377113342,0.2513805627822876,0.0408475324511528
"i can use other app meanwhile timer is running , so no use waste app",negative,negative,0.6158220767974854,0.6158220767974854,0.32042810320854187,0.06374974548816681
app is up to date and easy to read.,positive,positive,0.6169824600219727,0.022756312042474747,0.3602612614631653,0.6169824600219727
"do not waste your time. if u think u can save the earth but no, you have to buy premium first to plant trees. absolute a waste timer",negative,negative,0.9047830104827881,0.9047830104827881,0.07889562100172043,0.016321349889039993
sluggish compared to other pdf readers but renders well.,neutral,neutral,0.7071998715400696,0.034585386514663696,0.7071998715400696,0.2582147717475891
"i don't need this, but i'm sure someone will need it.",positive,neutral,0.620957612991333,0.09420064091682434,0.620957612991333,0.28484174609184265
"really fast, good and probably the <signature>",positive,positive,0.6893830299377441,0.020412590354681015,0.29020434617996216,0.6893830299377441
"my team, tired of waiting for a department driven initiative for collaboration tools, decided to start using this for ourselves. it's been a great experience so far - quicker responses, easy file sharing, organising social outings and reaching out to the whole team at once etc. the <signature>",positive,positive,0.7615955471992493,0.029304752126336098,0.20909972488880157,0.7615955471992493
bad uploaded pic display,negative,negative,0.8829918503761292,0.8829918503761292,0.09676011651754379,0.02024802751839161
i like this app is very useful,neutral,positive,0.7310704588890076,0.023908080533146858,0.2450214922428131,0.7310704588890076
"i was not able to open the app even after reinstalling it twice so instead i installed ""flip flop"" app which is also a similar app",negative,negative,0.4643840789794922,0.4643840789794922,0.4333015978336334,0.1023142859339714
what's with all the new permissions?,negative,negative,0.5754104852676392,0.5754104852676392,0.3531414866447449,0.07144810259342194
the new automatic markdown feature sucks!!! and you cannot turn it off,negative,negative,0.8994573354721069,0.8994573354721069,0.08360300213098526,0.016939673572778702
now it use very long time for export photo.,negative,positive,0.5614652037620544,0.06307682394981384,0.3754580020904541,0.5614652037620544
can't import pictures,negative,neutral,0.5120917558670044,0.4070061445236206,0.5120917558670044,0.08090204745531082
i love it but for some reason it doesn't work well on my samsung. if it worked better with my phone a higher rating,neutral,neutral,0.5985173583030701,0.03567048907279968,0.5985173583030701,0.36581215262413025
did more things to say and more holiday,neutral,neutral,0.5454930067062378,0.15611104667186737,0.5454930067062378,0.29839596152305603
can not open edited images on my galaxy note <number>,negative,negative,0.47178924083709717,0.47178924083709717,0.45474329590797424,0.07346746325492859
the confirmation details is not shown on <number> rd party screen. not useful if i have to inform <number> rd party of the confirmation details.,neutral,neutral,0.7053529024124146,0.1743047833442688,0.7053529024124146,0.12034227699041367
never sends the correct emoji.,negative,negative,0.6418623924255371,0.6418623924255371,0.30368882417678833,0.05444886535406113
please add save image setting,positive,neutral,0.6092675924301147,0.1582629531621933,0.6092675924301147,0.23246939480304718
i cant run the app after new update!!!,neutral,negative,0.8996146321296692,0.8996146321296692,0.08295322209596634,0.017432192340493202
ads thats the only thing spoiling this <url> bcz ads are source of income <url> lose this app the source ur getting ads,negative,negative,0.8216121792793274,0.8216121792793274,0.1492849886417389,0.029102815315127373
i have had this app for a while and it works really well,negative,positive,0.727325975894928,0.02628502994775772,0.24638906121253967,0.727325975894928
mostly good except- sucks too much background data and not freindly to my battery . should shut itself down.,neutral,neutral,0.7253649830818176,0.03416244685649872,0.7253649830818176,0.24047249555587769
"fairly accurate, wish the radar would update a little quicker",positive,positive,0.6506503820419312,0.019124241545796394,0.3302253186702728,0.6506503820419312
what's up with it?,negative,negative,0.5378502011299133,0.5378502011299133,0.3915700912475586,0.07057970762252808
up browser is <signature>,positive,neutral,0.5292895436286926,0.22695399820804596,0.5292895436286926,0.243756502866745
nice app but i can't highlight my text i pressed that longer but it couldn't work please check this out,positive,neutral,0.7119089365005493,0.05355028435587883,0.7119089365005493,0.23454077541828156
love it but the radar needs future time,positive,neutral,0.6052946448326111,0.0367794893682003,0.6052946448326111,0.3579258322715759
itss ok but not good at <url>,neutral,neutral,0.7906703352928162,0.06106152385473251,0.7906703352928162,0.14826808869838715
animation does not work. really disappointed. use everyday for work. moving on to the weather channel app. never fails.,negative,negative,0.8685351014137268,0.8685351014137268,0.10662135481834412,0.024843592196702957
"maybe if the app followed material design guidelines, i would have rated it <number> stars. the controls are based on ios, so it's not easy to find your way, but overall it's a good photo app.",positive,neutral,0.6032935976982117,0.02426779270172119,0.6032935976982117,0.37243857979774475
new layout v <number>,positive,neutral,0.5525857210159302,0.25930753350257874,0.5525857210159302,0.1881067305803299
it does not install,positive,negative,0.8815805315971375,0.8815805315971375,0.09607478231191635,0.022344691678881645
"its amazing app, but unfortunately after the new updation the app forced to close when importing a new photo. so please fix that bug immediately",positive,neutral,0.6693002581596375,0.04517308250069618,0.6693002581596375,0.28552666306495667
try hotel tonight - $ <number> free,neutral,negative,0.49224793910980225,0.49224793910980225,0.4011884927749634,0.10656355321407318
"it's like <number> stars for the app, <number> star for new booking assistant. god damn it, how the hell can i just answer the message i got from a property???!!! why do i need to see <number> questions of an assistant instead, that i can not delete and that just mess up all the dialog! hate it. really hate this feature! do like everything else though.",positive,negative,0.8307732343673706,0.8307732343673706,0.14024929702281952,0.02897755056619644
been a good weather app for me! thumbs up!,positive,positive,0.5633678436279297,0.050138432532548904,0.3864937424659729,0.5633678436279297
i guess it's <url>,positive,neutral,0.5603606700897217,0.12106228619813919,0.5603606700897217,0.31857702136039734
loved it before update,neutral,negative,0.4754916727542877,0.4754916727542877,0.42913901805877686,0.09536933898925781
it is good news app but some improvement required in spelling and language.,positive,neutral,0.557223379611969,0.019153842702507973,0.557223379611969,0.4236227869987488
"as a frequent user , you should have few options as reward the client should choose between",positive,positive,0.5590119957923889,0.03919345140457153,0.40179458260536194,0.5590119957923889
no bookmark or jump to <url> really annoying,negative,neutral,0.46998998522758484,0.4609363079071045,0.46998998522758484,0.06907366216182709
app is <url> service sucks,neutral,negative,0.5011929869651794,0.5011929869651794,0.3889310657978058,0.10987593978643417
i can't use web mobile in <url>,negative,negative,0.5273388028144836,0.5273388028144836,0.40142738819122314,0.07123377919197083
the new button is super poopy.,negative,neutral,0.5797590017318726,0.16969916224479675,0.5797590017318726,0.2505418360233307
"i love it, but desperately needs to save last <url> and place within that <url> a bookmarking function!",neutral,positive,0.5343522429466248,0.046331096440553665,0.4193166494369507,0.5343522429466248
"simple to use,in a straight forward easy to understand format. <signature>",positive,positive,0.7339075803756714,0.023280268535017967,0.2428121268749237,0.7339075803756714
i saw no last minute rates as promised on the description.,negative,neutral,0.577465295791626,0.28662770986557007,0.577465295791626,0.13590699434280396
if you browse like i do this is a must have. i rated it <number> stars before but now it is becoming a mess. you are killing its reputation with ads. i must wait for few seconds advert to finish before browsing.,neutral,negative,0.8764961361885071,0.8764961361885071,0.10203862935304642,0.02146514505147934
the drawer is old,negative,neutral,0.5896013975143433,0.27928879857063293,0.5896013975143433,0.1311098039150238
what a great messanger. you make us who separated a kilometers away can gather in one place. keep <url>,positive,negative,0.4258542060852051,0.4258542060852051,0.41747328639030457,0.15667252242565155
add text option please,neutral,neutral,0.6455404758453369,0.0759783536195755,0.6455404758453369,0.27848121523857117
new logo looks like swastika maybe next time dev team will worked on app ram usage?,negative,neutral,0.6320919394493103,0.18868623673915863,0.6320919394493103,0.17922179400920868
don't use. can't uninstall on tablet,neutral,negative,0.8830117583274841,0.8830117583274841,0.09889917075634003,0.01808907464146614
fast but doesn't allow you to jump to pages no good for big ebooks,neutral,neutral,0.7619176506996155,0.10005487501621246,0.7619176506996155,0.13802748918533325
how can i make a video call??,positive,neutral,0.5735769867897034,0.15632785856723785,0.5735769867897034,0.2700951099395752
easy to use and useful,positive,positive,0.7634345293045044,0.02276787720620632,0.2137976437807083,0.7634345293045044
"i saw this app on engadget and was excited to try it. however, the hdr mode does not work on my phone. i have a samsung galaxy s <number> edge. it is listed as one of the phones that works but the option for hdr is not available on the drop-down menu.",neutral,neutral,0.649207592010498,0.22091858088970184,0.649207592010498,0.12987379729747772
i was able to update and view my bookings very easily. very convenient.,positive,positive,0.7429013252258301,0.02253914251923561,0.23455947637557983,0.7429013252258301
"it lost all my progress! i had the cat tree, octopus, etc",negative,negative,0.8748008608818054,0.8748008608818054,0.10261887311935425,0.022580329328775406
best crashes ever!!!! worthless,negative,negative,0.9324483871459961,0.9324483871459961,0.05280577018857002,0.01474576722830534
radar map never loads first try.,neutral,negative,0.6986152529716492,0.6986152529716492,0.25479620695114136,0.04658852145075798
"simple to the massage, i like bbm,cause i can see when the massage have delivered n read .",positive,positive,0.6408519148826599,0.030266331508755684,0.32888171076774597,0.6408519148826599
its <url> make something <url>,neutral,neutral,0.5585055947303772,0.13035164773464203,0.5585055947303772,0.3111426830291748
this is my favorite weather app to use. i've used it since i was a teenager. the only problem i have is that the hourly forecast is almost never right which is very inconvenient for me considering i work outside. on the bright side you can look at the radar and pretty much tell what what is gonna hit you.,neutral,neutral,0.48207393288612366,0.06604701280593872,0.48207393288612366,0.45187899470329285
cant connect to facebook,neutral,negative,0.6645506620407104,0.6645506620407104,0.2873905301094055,0.048058781772851944
"i like it and think it's super cute and fun, but i wish it had more such as maybe tattoos or piercings and i wish you could create outfits instead of picking an outfit",positive,positive,0.6127042770385742,0.018596982583403587,0.36869868636131287,0.6127042770385742
good for quick edits on the move,positive,positive,0.6335827708244324,0.019747762009501457,0.346669465303421,0.6335827708244324
why the almost daily updates?,neutral,neutral,0.6425439715385437,0.1867065578699112,0.6425439715385437,0.1707495152950287
terrible. i don't need creative cloud!,negative,negative,0.9377114176750183,0.9377114176750183,0.048567187041044235,0.013721343129873276
sign up form doesn't work and this app doesnt work without an adobe account so it was just a waste of time.,negative,negative,0.9244831204414368,0.9244831204414368,0.059144023805856705,0.01637289486825466
love it but a problem?,positive,neutral,0.49593254923820496,0.02616928704082966,0.49593254923820496,0.47789815068244934
does what supposed to an as far as forcast go seems good,positive,neutral,0.5032474398612976,0.022074339911341667,0.5032474398612976,0.47467824816703796
i can't import alot of my photos!,neutral,negative,0.6601568460464478,0.6601568460464478,0.2920781970024109,0.04776494950056076
horrible pdf reader. there are much better alternatives.,negative,negative,0.9153108596801758,0.9153108596801758,0.06841903179883957,0.01627015694975853
"it's great that it can read my truck's <number> , <number> page service manual right here on my phone; but i can't find anything if there is no search feature!!",neutral,positive,0.5856317281723022,0.03225814551115036,0.3821101486682892,0.5856317281723022
it does logout of account after closing,positive,neutral,0.5017125010490417,0.3630407452583313,0.5017125010490417,0.13524675369262695
"love it. would be great if you could include options to dodge and burn images, too.",positive,positive,0.7490144968032837,0.022928066551685333,0.22805745899677277,0.7490144968032837
i don't like that i can't attach to a text in gboard. i have to go through bitmoji to send in a text. it is easier to send in iphone and i can't do friendmojis,positive,neutral,0.6524501442909241,0.21859300136566162,0.6524501442909241,0.12895691394805908
"does not work on the captivate at <url> very disapointed, it just says it has failed to read found files.",negative,negative,0.9029297828674316,0.9029297828674316,0.0791400596499443,0.01793019473552704
it's an useful app,positive,positive,0.7371535897254944,0.02081632986664772,0.2420300841331482,0.7371535897254944
is the white house in charge of it?,negative,neutral,0.454297810792923,0.3736615777015686,0.454297810792923,0.17204062640666962
weather automation doesn't work anymore so it's stupid,negative,negative,0.8768773078918457,0.8768773078918457,0.1037178710103035,0.0194049384444952
some times its just boarding,neutral,neutral,0.6566229462623596,0.1317387968301773,0.6566229462623596,0.21163830161094666
i deplore pdfs of all kinds. <url> the only thing that can read a pdf. but this app does <url> it still sux,negative,neutral,0.6488521695137024,0.15526720881462097,0.6488521695137024,0.19588059186935425
installs another app without warning,negative,negative,0.7905392646789551,0.7905392646789551,0.17458894848823547,0.03487174212932587
it's your app so you get to choose your logo. but this new one confusing my son that slack is a game and he is complaining i keep playing this game all the time but have no shame in denying his rights to play games eternally. ps: unable to view old items unless we pay is gross.,neutral,negative,0.5383182168006897,0.5383182168006897,0.40099141001701355,0.06069031357765198
"other parties doin better ""reader n even writer"" than adobe!",negative,neutral,0.5975300073623657,0.12013096362352371,0.5975300073623657,0.28233903646469116
takes too much time to load sometimes,positive,neutral,0.7469024658203125,0.11105453222990036,0.7469024658203125,0.14204303920269012
it is an interesting app that uses a lot of memory. but great communication tool,neutral,positive,0.665770411491394,0.021296612918376923,0.3129329979419708,0.665770411491394
it's amazing and faster then other <url>,neutral,positive,0.7201294302940369,0.02869216352701187,0.25117841362953186,0.7201294302940369
best weather app out there until it stopped working. won't load anything now. please <url>,negative,neutral,0.6427474617958069,0.10864279419183731,0.6427474617958069,0.2486097365617752
will be much better if it has read out <url>,positive,neutral,0.7122524380683899,0.048782799392938614,0.7122524380683899,0.2389647513628006
good overall but seems to have an issue of being unavailable or offline when other weather apps are working just fine providing the same info. <url> radar,positive,neutral,0.6322371363639832,0.027672577649354935,0.6322371363639832,0.34009024500846863
does the camera support long exposure?,positive,neutral,0.680750846862793,0.08007191866636276,0.680750846862793,0.23917721211910248
i enjoy using it. i just have to play with it more to get more experience,positive,positive,0.7362298965454102,0.02808869630098343,0.23568139970302582,0.7362298965454102
it helps me a lot,positive,positive,0.6939132213592529,0.02554372325539589,0.2805430591106415,0.6939132213592529
not bad at all. great improvement.,positive,positive,0.687425434589386,0.028561469167470932,0.28401312232017517,0.687425434589386
plenty of unnessary ads,negative,negative,0.5466203093528748,0.5466203093528748,0.3845282196998596,0.06885147839784622
the news feed so annoying please avoid this type of <url> or add a button for stop news <url>,negative,neutral,0.606159508228302,0.2240457683801651,0.606159508228302,0.16979475319385529
can be a bit complicated and in your face but it does a good job and is well supported by venues.,positive,positive,0.6037858724594116,0.018549945205450058,0.37766414880752563,0.6037858724594116
i liked it. no reply on mobile though.,positive,neutral,0.6587091684341431,0.07731910049915314,0.6587091684341431,0.2639717757701874
"works perfectly with snapchat, i hope soon it has more goth/alternative outfits and options for piercings and ear spacers. love the new hair options!",positive,positive,0.7824019193649292,0.025287115946412086,0.19231098890304565,0.7824019193649292
"it used to be a <number> star app but not every time i try to open it it crashes, please fix this asap",negative,negative,0.6679011583328247,0.6679011583328247,0.28566792607307434,0.04643100127577782
where's the support?,negative,neutral,0.5389605164527893,0.2111009657382965,0.5389605164527893,0.24993854761123657
i think nice but mobile hang krta h,neutral,neutral,0.6019312739372253,0.03955407440662384,0.6019312739372253,0.358514666557312
please add fonts in this app to write . <signature>,neutral,neutral,0.5522785782814026,0.13544340431690216,0.5522785782814026,0.31227797269821167
"worked once, then has never worked again.",negative,negative,0.8364536762237549,0.8364536762237549,0.13540534675121307,0.028141049668192863
fix the radar! what is taking so long? i'm very close to deleting this app for good. i doubt i'm alone!,negative,negative,0.553969144821167,0.553969144821167,0.3762950301170349,0.0697358250617981
it is good aap for searching and downloading <url>,positive,positive,0.6498814225196838,0.018954865634441376,0.3311637043952942,0.6498814225196838
while controlling shutter speed whole app is getting freezed.,neutral,neutral,0.4902194142341614,0.4301348030567169,0.4902194142341614,0.0796457976102829
"no full language support. what a shame, adobe.",negative,negative,0.9096158146858215,0.9096158146858215,0.07356299459934235,0.01682114601135254
it's nice <url>,neutral,positive,0.6591481566429138,0.017443738877773285,0.3234081268310547,0.6591481566429138
"this app is not at all what i had expected. it is very hard to use. at the beggining, you get small info about one fature of the app. once you start to use it, the purpose just gets confusing, how does the tree grow? is the time a stopclock, a timer, im so confused! please improve this app to be more user friendly!",negative,neutral,0.6222662925720215,0.2576344311237335,0.6222662925720215,0.120099276304245
lost status bar info,neutral,negative,0.6937323212623596,0.6937323212623596,0.242121621966362,0.06414598226547241
it was fine before i was forced to update.,neutral,negative,0.6657105684280396,0.6657105684280396,0.2793926000595093,0.05489685758948326
